PSA_Grade,Image_URL
9,https://i.ebayimg.com/images/g/sOsAAeSw5XJpeVOY/s-l225.jpg
10,https://i.ebayimg.com/images/g/kaIAAeSwPGtpJoHv/s-l225.jpg
9,https://i.ebayimg.com/images/g/5ccAAeSwZCVoys0y/s-l225.jpg
8,https://i.ebayimg.com/images/g/ImQAAeSwMYBpAo-D/s-l225.jpg
10,https://i.ebayimg.com/images/g/U~kAAeSwKuFpeUvR/s-l225.jpg
10,https://i.ebayimg.com/images/g/jjAAAeSwEdZpeUuA/s-l225.jpg
10,https://i.ebayimg.com/images/g/LBQAAeSwHOFpS53K/s-l225.jpg
9,https://i.ebayimg.com/images/g/gicAAeSwH5FpeUrS/s-l225.jpg
10,https://i.ebayimg.com/images/g/jCwAAeSwvh5peUsO/s-l225.jpg
10,https://i.ebayimg.com/images/g/aFMAAeSwQAVpeUDg/s-l225.jpg
9,https://i.ebayimg.com/images/g/DBYAAeSwl~tpeVVg/s-l225.jpg
9,https://i.ebayimg.com/images/g/YsoAAeSwBy5peUAH/s-l225.jpg
9,https://i.ebayimg.com/images/g/CyMAAeSwlRFpUtr-/s-l225.jpg
10,https://i.ebayimg.com/images/g/AHAAAeSwR8tpYAfM/s-l225.jpg
10,https://i.ebayimg.com/images/g/zIYAAeSw-1VpYWL7/s-l225.jpg
10,https://i.ebayimg.com/images/g/vDwAAeSwo59peVGo/s-l225.jpg
9,https://i.ebayimg.com/images/g/EXEAAeSw9EVo6o~d/s-l225.jpg
8,https://i.ebayimg.com/images/g/YS0AAeSwat1peU9k/s-l225.jpg
10,https://i.ebayimg.com/images/g/mxYAAeSwavppSBie/s-l225.jpg
10,https://i.ebayimg.com/images/g/znwAAeSwjddpd-4u/s-l225.jpg
10,https://i.ebayimg.com/images/g/ZpcAAeSwDI1peUIJ/s-l225.jpg
9,https://i.ebayimg.com/images/g/7ukAAOSw~1RiIaeW/s-l225.jpg
10,https://i.ebayimg.com/images/g/q44AAeSwrBhpYpEL/s-l225.jpg
8,https://i.ebayimg.com/images/g/wzsAAeSwV~5peVHh/s-l225.jpg
9,https://i.ebayimg.com/images/g/-34AAeSwAMho6ZCY/s-l225.jpg
1,https://i.ebayimg.com/images/g/JiEAAeSw9Z5peTlL/s-l225.jpg
10,https://i.ebayimg.com/images/g/Qe8AAOSwcR1mNYku/s-l225.jpg
10,https://i.ebayimg.com/images/g/ZWoAAeSwI29o5ZPB/s-l225.jpg
9,https://i.ebayimg.com/images/g/kEcAAeSw2yFo6YfD/s-l225.jpg
10,https://i.ebayimg.com/images/g/Ug0AAeSw4H9pHnnx/s-l225.jpg
10,https://i.ebayimg.com/images/g/BisAAeSw59NpeSzQ/s-l225.jpg
9,https://i.ebayimg.com/images/g/oJwAAeSw7H5o6XVm/s-l225.jpg
9,https://i.ebayimg.com/images/g/3vEAAOSwJ4pjKkVh/s-l225.jpg
10,https://i.ebayimg.com/images/g/E6QAAeSwaQdpeTIb/s-l225.jpg
9,https://i.ebayimg.com/images/g/-kYAAeSwKsNpdUA5/s-l225.jpg
9,https://i.ebayimg.com/images/g/QgQAAeSwszlpeTmr/s-l225.jpg
9,https://i.ebayimg.com/images/g/4qAAAeSwDu9pRgNT/s-l225.jpg
8,https://i.ebayimg.com/images/g/6oIAAeSw4Jlpcq0W/s-l225.jpg
8,https://i.ebayimg.com/images/g/a-YAAOSweIBkeRmT/s-l225.jpg
8,https://i.ebayimg.com/images/g/WM4AAeSwOv5peUBF/s-l225.jpg
9,https://i.ebayimg.com/images/g/3oMAAeSwiM1pWuMN/s-l225.jpg
10,https://i.ebayimg.com/images/g/lx8AAeSwea1peVIH/s-l225.jpg
9,https://i.ebayimg.com/images/g/kdsAAeSwXttpc5er/s-l225.jpg
9,https://i.ebayimg.com/images/g/lzIAAeSwXttpeU~9/s-l225.jpg
10,https://i.ebayimg.com/images/g/nXEAAeSwsFtpeVEc/s-l225.jpg
9,https://i.ebayimg.com/images/g/gaIAAeSwilNo6YZi/s-l225.jpg
8,https://i.ebayimg.com/images/g/17YAAeSwVVVpeSOz/s-l225.jpg
1,https://i.ebayimg.com/images/g/oYcAAeSwvTJpeSyF/s-l225.jpg
7,https://i.ebayimg.com/images/g/DRkAAeSwhY5pZDA9/s-l225.jpg
4,https://i.ebayimg.com/images/g/VXkAAeSwntRpVAfM/s-l225.jpg
10,https://i.ebayimg.com/images/g/GU0AAeSwTqNpeEf0/s-l225.jpg
10,https://i.ebayimg.com/images/g/kpcAAeSwGJZpeVBN/s-l225.jpg
8,https://i.ebayimg.com/images/g/GckAAeSwXUppeTP8/s-l225.jpg
8,https://i.ebayimg.com/images/g/mvcAAeSwzXFpeOgW/s-l225.jpg
9,https://i.ebayimg.com/images/g/U~QAAeSw8gJpeT0l/s-l225.jpg
8,https://i.ebayimg.com/images/g/TM0AAeSwiG1peT89/s-l225.jpg
9,https://i.ebayimg.com/images/g/yuUAAOSw2DRjKkg4/s-l225.jpg
10,https://i.ebayimg.com/images/g/BK0AAeSw~rlpeTHv/s-l225.jpg
9,https://i.ebayimg.com/images/g/Wk0AAeSwWUZpXGJF/s-l225.jpg
6,https://i.ebayimg.com/images/g/3fIAAeSwDXtpeSan/s-l225.jpg
10,https://i.ebayimg.com/images/g/tpYAAOSwm7Zn2jKa/s-l225.jpg
9,https://i.ebayimg.com/images/g/TdEAAeSwZfBpeT7s/s-l225.jpg
10,https://i.ebayimg.com/images/g/iVsAAeSweq5peUuy/s-l225.jpg
10,https://i.ebayimg.com/images/g/ZukAAeSwSIBpd~sn/s-l225.jpg
10,https://i.ebayimg.com/images/g/kZkAAeSw3FlpeU1T/s-l225.jpg
9,https://i.ebayimg.com/images/g/NQQAAeSwIidpeQ8n/s-l225.jpg
9,https://i.ebayimg.com/images/g/3LcAAeSw63Jpc9wP/s-l225.jpg
6,https://i.ebayimg.com/images/g/OnEAAeSw1KVpeQL~/s-l225.jpg
9,https://i.ebayimg.com/images/g/XiUAAeSwxYtpeUIv/s-l225.jpg
9,https://i.ebayimg.com/images/g/Z2gAAeSwsFtpeUPI/s-l225.jpg
9,https://i.ebayimg.com/images/g/Z2gAAeSwsFtpeUPI/s-l225.jpg
9,https://i.ebayimg.com/images/g/6HgAAeSw2BtpeQKW/s-l225.jpg
8,https://i.ebayimg.com/images/g/eWoAAeSw7uxogmkE/s-l225.jpg
10,https://i.ebayimg.com/images/g/~woAAeSwXNZpWo3j/s-l225.jpg
9,https://i.ebayimg.com/images/g/~UwAAeSwjHhozgU~/s-l225.jpg
9,https://i.ebayimg.com/images/g/JTIAAeSwo59peTEg/s-l225.jpg
10,https://i.ebayimg.com/images/g/-l4AAeSwyV5peTui/s-l225.jpg
9,https://i.ebayimg.com/images/g/0YAAAeSwAYFpc9sh/s-l225.jpg
10,https://i.ebayimg.com/images/g/-ecAAeSw3zdpeSjV/s-l225.jpg
7,https://i.ebayimg.com/images/g/X1MAAeSw1ytpePiz/s-l225.jpg
10,https://i.ebayimg.com/images/g/GlAAAeSw-FJpcrWz/s-l225.jpg
1,https://i.ebayimg.com/images/g/G04AAeSwF6JpeP6o/s-l225.jpg
10,https://i.ebayimg.com/images/g/42EAAeSwJHxpc6Iu/s-l225.jpg
10,https://i.ebayimg.com/images/g/3swAAeSw8qZpSwSV/s-l225.jpg
10,https://i.ebayimg.com/images/g/K~4AAeSwInxpWpNI/s-l225.jpg
7,https://i.ebayimg.com/images/g/AmYAAeSwpaNpeOPC/s-l225.jpg
10,https://i.ebayimg.com/images/g/xSsAAeSweW9peRyB/s-l225.jpg
10,https://i.ebayimg.com/images/g/jHsAAeSwPpJpN8sY/s-l225.jpg
9,https://i.ebayimg.com/images/g/fboAAeSw9Z5pc~sV/s-l225.jpg
9,https://i.ebayimg.com/images/g/cS0AAeSwWUZpUemU/s-l225.jpg
8,https://i.ebayimg.com/images/g/gQAAAeSwgUlo6N-4/s-l225.jpg
8,https://i.ebayimg.com/images/g/L0gAAeSwYkRpeTsT/s-l225.jpg
9,https://i.ebayimg.com/images/g/cAYAAeSwYkRpeUiP/s-l225.jpg
7,https://i.ebayimg.com/images/g/KW8AAeSwLdRpeTqy/s-l225.jpg
10,https://i.ebayimg.com/images/g/tJwAAeSwQcVpeRda/s-l225.jpg
9,https://i.ebayimg.com/images/g/bGUAAeSwFMZpeUAL/s-l225.jpg
10,https://i.ebayimg.com/images/g/UooAAeSwatVpWxbR/s-l225.jpg
9,https://i.ebayimg.com/images/g/iQEAAeSw9TtpeVQ-/s-l225.jpg
8,https://i.ebayimg.com/images/g/riMAAeSwl2NpeUEI/s-l225.jpg
10,https://i.ebayimg.com/images/g/DlMAAeSw6YtpeTHg/s-l225.jpg
3,https://i.ebayimg.com/images/g/jwUAAeSwjs1peU2F/s-l225.jpg
8,https://i.ebayimg.com/images/g/L2sAAeSwiwppeTpk/s-l225.jpg
7,https://i.ebayimg.com/images/g/KgkAAeSwUBJpeQWf/s-l225.jpg
10,https://i.ebayimg.com/images/g/NVUAAOSwV4ZmZlaL/s-l225.jpg
9,https://i.ebayimg.com/images/g/4IIAAeSwYIZpeTLT/s-l225.jpg
6,https://i.ebayimg.com/images/g/N6MAAeSw63JpeTw7/s-l225.jpg
7,https://i.ebayimg.com/images/g/2ocAAeSwPqBpeSQe/s-l225.jpg
10,https://i.ebayimg.com/images/g/oTUAAeSwoRFpeVNM/s-l225.jpg
10,https://i.ebayimg.com/images/g/oZIAAeSwejdpeVDC/s-l225.jpg
4,https://i.ebayimg.com/images/g/RfsAAeSw1WRpeTy2/s-l225.jpg
10,https://i.ebayimg.com/images/g/-AEAAeSwO01peUGs/s-l225.jpg
9,https://i.ebayimg.com/images/g/-jwAAeSwrE5peSp0/s-l225.jpg
8,https://i.ebayimg.com/images/g/OPMAAeSw6YtpeTrd/s-l225.jpg
10,https://i.ebayimg.com/images/g/KCYAAeSwyZ9peTPl/s-l225.jpg
10,https://i.ebayimg.com/images/g/QB4AAeSwashpeNwg/s-l225.jpg
5,https://i.ebayimg.com/images/g/c9oAAeSwqxdpeU9g/s-l225.jpg
9,https://i.ebayimg.com/images/g/yfsAAeSwat1peTEr/s-l225.jpg
9,https://i.ebayimg.com/images/g/u2YAAeSwHOBpdq--/s-l225.jpg
9,https://i.ebayimg.com/images/g/j0oAAeSwe5ZpPhLy/s-l225.jpg
9,https://i.ebayimg.com/images/g/BZcAAeSwnR9peSvc/s-l225.jpg
5,https://i.ebayimg.com/images/g/RdcAAeSwE0xpeTp9/s-l225.jpg
8,https://i.ebayimg.com/images/g/ZLIAAeSwb9FpeU6u/s-l225.jpg
10,https://i.ebayimg.com/images/g/m-IAAeSwHTZpeVOq/s-l225.jpg
8,https://i.ebayimg.com/images/g/1PkAAOSwrjlmyPh1/s-l225.jpg
7,https://i.ebayimg.com/images/g/RacAAeSwlv9peTwV/s-l225.jpg
7,https://i.ebayimg.com/images/g/qfYAAeSwWJ1peRY4/s-l225.jpg
10,https://i.ebayimg.com/images/g/QgUAAeSw-vppeQtA/s-l225.jpg
7,https://i.ebayimg.com/images/g/2GoAAeSwGvNpeSFl/s-l225.jpg
8,https://i.ebayimg.com/images/g/3D8AAeSwjVFpeSXn/s-l225.jpg
9,https://i.ebayimg.com/images/g/pZ4AAeSw-8tpeVHg/s-l225.jpg
7,https://i.ebayimg.com/images/g/HOUAAeSwl2NpeSMr/s-l225.jpg
7,https://i.ebayimg.com/images/g/v1IAAeSw7WtpeSRX/s-l225.jpg
10,https://i.ebayimg.com/images/g/wEYAAeSwpbtpeVNi/s-l225.jpg
8,https://i.ebayimg.com/images/g/RksAAeSwV~5peQXK/s-l225.jpg
8,https://i.ebayimg.com/images/g/RJUAAeSwo59peTe-/s-l225.jpg
10,https://i.ebayimg.com/images/g/ZTgAAeSwqJBpeUxx/s-l225.jpg
9,https://i.ebayimg.com/images/g/i98AAeSwAF9paHWk/s-l225.jpg
10,https://i.ebayimg.com/images/g/5MUAAOSwbK5mkJfs/s-l225.jpg
9,https://i.ebayimg.com/images/g/Yb8AAeSwsWpo6oc0/s-l225.jpg
10,https://i.ebayimg.com/images/g/qWkAAeSwJ2dpeRlq/s-l225.jpg
10,https://i.ebayimg.com/images/g/MRsAAeSwmpNpeTjI/s-l225.jpg
10,https://i.ebayimg.com/images/g/utcAAeSwWxBpeVTl/s-l225.jpg
10,https://i.ebayimg.com/images/g/qDkAAeSw6odpN7~P/s-l225.jpg
7,https://i.ebayimg.com/images/g/RsIAAeSwauBpeTv2/s-l225.jpg
9,https://i.ebayimg.com/images/g/SkIAAeSw9Z5peUAM/s-l225.jpg
9,https://i.ebayimg.com/images/g/BvUAAOSwe3Zlz~18/s-l225.jpg
8,https://i.ebayimg.com/images/g/1YkAAeSwB-dohQYz/s-l225.jpg
9,https://i.ebayimg.com/images/g/TlYAAeSwzz5pWty5/s-l225.jpg
10,https://i.ebayimg.com/images/g/BT8AAeSwpaNpeTmJ/s-l225.jpg
10,https://i.ebayimg.com/images/g/nnkAAOSwLT9nRiFv/s-l225.jpg
9,https://i.ebayimg.com/images/g/ngMAAeSwyX9peRjD/s-l225.jpg
9,https://i.ebayimg.com/images/g/u2YAAeSwHOBpdq--/s-l225.jpg
9,https://i.ebayimg.com/images/g/IJcAAeSwyztpeRVQ/s-l225.jpg
8,https://i.ebayimg.com/images/g/pS4AAeSw9ehpeRlJ/s-l225.jpg
10,https://i.ebayimg.com/images/g/CK0AAeSwGcNpdUHs/s-l225.jpg
10,https://i.ebayimg.com/images/g/vw4AAeSwO01peTd9/s-l225.jpg
10,https://i.ebayimg.com/images/g/Y-YAAeSwAlVpeUCA/s-l225.jpg
9,https://i.ebayimg.com/images/g/s8YAAeSw7Cpo~xuY/s-l225.jpg
10,https://i.ebayimg.com/images/g/pZEAAeSwP-VpdkBe/s-l225.jpg
9,https://i.ebayimg.com/images/g/2ggAAeSw2BtpeTHf/s-l225.jpg
10,https://i.ebayimg.com/images/g/b0IAAeSwE0xpeULj/s-l225.jpg
9,https://i.ebayimg.com/images/g/yNkAAeSwXUppeSBa/s-l225.jpg
10,https://i.ebayimg.com/images/g/faQAAeSwsFtpeUkQ/s-l225.jpg
9,https://i.ebayimg.com/images/g/MpYAAeSw8UdpeTrX/s-l225.jpg
9,https://i.ebayimg.com/images/g/spgAAeSwBRppdQQ8/s-l225.jpg
9,https://i.ebayimg.com/images/g/JdYAAeSwrl5oK~ch/s-l225.jpg
10,https://i.ebayimg.com/images/g/oDAAAeSwO2BpePQr/s-l225.jpg
10,https://i.ebayimg.com/images/g/4FYAAeSwARhpeTZQ/s-l225.jpg
9,https://i.ebayimg.com/images/g/JCoAAOSwHxJkd6nk/s-l225.jpg
9,https://i.ebayimg.com/images/g/floAAOSwd8Nm1wLE/s-l225.jpg
9,https://i.ebayimg.com/images/g/2aAAAeSwYlJpUdhf/s-l225.jpg
10,https://i.ebayimg.com/images/g/0PUAAeSwXlVpePMb/s-l225.jpg
10,https://i.ebayimg.com/images/g/CogAAeSwSYlpeS~X/s-l225.jpg
10,https://i.ebayimg.com/images/g/5MUAAOSwbK5mkJfs/s-l225.jpg
8,https://i.ebayimg.com/images/g/54IAAOSwC~FmtP2D/s-l225.jpg
10,https://i.ebayimg.com/images/g/jaUAAeSwsfJpeUlS/s-l225.jpg
10,https://i.ebayimg.com/images/g/l54AAeSwj6NpeVGE/s-l225.jpg
10,https://i.ebayimg.com/images/g/xJIAAeSw6YtpeSAg/s-l225.jpg
9,https://i.ebayimg.com/images/g/CsgAAeSwAF5pVEsB/s-l225.jpg
10,https://i.ebayimg.com/images/g/oT4AAeSwV~5pc~xJ/s-l225.jpg
10,https://i.ebayimg.com/images/g/TL0AAeSw7lFo~7au/s-l225.jpg
9,https://i.ebayimg.com/images/g/xkQAAeSwjddpeTWb/s-l225.jpg
10,https://i.ebayimg.com/images/g/A0YAAeSwcVxpeRcY/s-l225.jpg
10,https://i.ebayimg.com/images/g/YwAAAeSwYolpeULW/s-l225.jpg
9,https://i.ebayimg.com/images/g/Co4AAeSwy7FpeT0l/s-l225.jpg
10,https://i.ebayimg.com/images/g/-ecAAeSw3zdpeSjV/s-l225.jpg
10,https://i.ebayimg.com/images/g/QDYAAeSwtI9peTq5/s-l225.jpg
8,https://i.ebayimg.com/images/g/rR4AAeSwnedpeR~0/s-l225.jpg
8,https://i.ebayimg.com/images/g/XicAAeSwUy9peSez/s-l225.jpg
10,https://i.ebayimg.com/images/g/Ap8AAeSw5XJpeS9A/s-l225.jpg
10,https://i.ebayimg.com/images/g/5h8AAeSw61JoxDMH/s-l225.jpg
10,https://i.ebayimg.com/images/g/6mwAAeSwYFFo3FDV/s-l225.jpg
10,https://i.ebayimg.com/images/g/g~wAAeSwLCdpeUhT/s-l225.jpg
9,https://i.ebayimg.com/images/g/RaEAAeSw4mtpZH24/s-l225.jpg
8,https://i.ebayimg.com/images/g/VSUAAeSwgTFpeT42/s-l225.jpg
9,https://i.ebayimg.com/images/g/A~UAAeSw7clpeSuN/s-l225.jpg
9,https://i.ebayimg.com/images/g/NGEAAeSwiwppeTtn/s-l225.jpg
9,https://i.ebayimg.com/images/g/ouAAAeSwrcVpeUFM/s-l225.jpg
10,https://i.ebayimg.com/images/g/6ZMAAeSwWQFpeQWC/s-l225.jpg
10,https://i.ebayimg.com/images/g/YFsAAeSw5B9peRbj/s-l225.jpg
10,https://i.ebayimg.com/images/g/YX8AAeSwJ2dpeULa/s-l225.jpg
10,https://i.ebayimg.com/images/g/vYUAAeSwKQtoQZXW/s-l225.jpg
10,https://i.ebayimg.com/images/g/64kAAeSwVeRpeMwL/s-l225.jpg
9,https://i.ebayimg.com/images/g/YmwAAeSwNn9peUIq/s-l225.jpg
8,https://i.ebayimg.com/images/g/8mEAAeSwvh5pdt1z/s-l225.jpg
10,https://i.ebayimg.com/images/g/IhQAAeSw~eppa8tt/s-l225.jpg
9,https://i.ebayimg.com/images/g/2CMAAeSwauBpeMd1/s-l225.jpg
10,https://i.ebayimg.com/images/g/EMMAAeSwJ2dpeTJG/s-l225.jpg
10,https://i.ebayimg.com/images/g/YkoAAeSwE0xpeUB~/s-l225.jpg
9,https://i.ebayimg.com/images/g/mrAAAeSwVvNpeU~p/s-l225.jpg
9,https://i.ebayimg.com/images/g/j5AAAeSwP8lpUHmD/s-l225.jpg
8,https://i.ebayimg.com/images/g/nDsAAOSwHH9nUcaK/s-l225.jpg
3,https://i.ebayimg.com/images/g/Y-AAAeSwUaRpeUIY/s-l225.jpg
8,https://i.ebayimg.com/images/g/JdoAAeSweq5peTZs/s-l225.jpg
5,https://i.ebayimg.com/images/g/A8kAAeSwEp1peSs~/s-l225.jpg
6,https://i.ebayimg.com/images/g/6SIAAeSw2E9peSY1/s-l225.jpg
10,https://i.ebayimg.com/images/g/LJsAAeSwKsNpeQVw/s-l225.jpg
9,https://i.ebayimg.com/images/g/G9YAAeSwEb5peUBE/s-l225.jpg
9,https://i.ebayimg.com/images/g/WqAAAOSw2Rtlz~KK/s-l225.jpg
8,https://i.ebayimg.com/images/g/24gAAOSwt~VnJhRb/s-l225.jpg
8,https://i.ebayimg.com/images/g/5ScAAeSwZpxpeShv/s-l225.jpg
10,https://i.ebayimg.com/images/g/ffwAAeSwrYFpeUf2/s-l225.jpg
10,https://i.ebayimg.com/images/g/pRAAAeSwT7ppdlO3/s-l225.jpg
9,https://i.ebayimg.com/images/g/IXIAAeSwW9VpeTLE/s-l225.jpg
10,https://i.ebayimg.com/images/g/hg4AAeSwvD5peRaq/s-l225.jpg
10,https://i.ebayimg.com/images/g/rXIAAeSwrq5pZsDB/s-l225.jpg
10,https://i.ebayimg.com/images/g/FCUAAeSw0dlpeTMK/s-l225.jpg
8,https://i.ebayimg.com/images/g/VoUAAeSwwhZo9mzD/s-l225.jpg
9,https://i.ebayimg.com/images/g/CMsAAeSwp5hpVeUk/s-l225.jpg
10,https://i.ebayimg.com/images/g/t70AAeSwmgFpckMU/s-l225.jpg
8,https://i.ebayimg.com/images/g/1iMAAeSwW9VpeSDA/s-l225.jpg
10,https://i.ebayimg.com/images/g/fq0AAOSwCQpnbIQl/s-l225.jpg
9,https://i.ebayimg.com/images/g/IwEAAeSwDSxpeQv2/s-l225.jpg
5,https://i.ebayimg.com/images/g/ULQAAeSwKAJpeQSh/s-l225.jpg
9,https://i.ebayimg.com/images/g/CEsAAeSw40JpeTB1/s-l225.jpg
9,https://i.ebayimg.com/images/g/PqMAAeSwEN1pYZ5Q/s-l225.jpg
9,https://i.ebayimg.com/images/g/dAcAAeSwevZpL6Uj/s-l225.jpg
10,https://i.ebayimg.com/images/g/5~oAAeSwJbJpeS5~/s-l225.jpg
10,https://i.ebayimg.com/images/g/NlAAAeSwDrZpeEOn/s-l225.jpg
10,https://i.ebayimg.com/images/g/pZIAAeSw2MppeSAG/s-l225.jpg
10,https://i.ebayimg.com/images/g/1n8AAeSw-vppeSfJ/s-l225.jpg
10,https://i.ebayimg.com/images/g/gaEAAeSwdP5pc8r9/s-l225.jpg
9,https://i.ebayimg.com/images/g/AeUAAeSw0PVpeU9J/s-l225.jpg
9,https://i.ebayimg.com/images/g/TssAAeSwrE5peQcg/s-l225.jpg
10,https://i.ebayimg.com/images/g/KzIAAeSwe0lpcV~J/s-l225.jpg
10,https://i.ebayimg.com/images/g/EyQAAeSw39dpeP2g/s-l225.jpg
10,https://i.ebayimg.com/images/g/jUcAAeSwmZNpeRcg/s-l225.jpg
9,https://i.ebayimg.com/images/g/5NQAAeSwXAJpeTbt/s-l225.jpg
10,https://i.ebayimg.com/images/g/RgAAAeSwAwBpeTo7/s-l225.jpg
10,https://i.ebayimg.com/images/g/fOIAAeSwARhpePYN/s-l225.jpg
7,https://i.ebayimg.com/images/g/xGAAAeSwVVVpeR7P/s-l225.jpg
10,https://i.ebayimg.com/images/g/XisAAeSw~plpcojg/s-l225.jpg
10,https://i.ebayimg.com/images/g/8qQAAeSwPXZpUrUg/s-l225.jpg
9,https://i.ebayimg.com/images/g/tMwAAeSwy3JpeTAT/s-l225.jpg
8,https://i.ebayimg.com/images/g/3VwAAeSwnM1peSKq/s-l225.jpg
10,https://i.ebayimg.com/images/g/SogAAeSw78FpeT7M/s-l225.jpg
10,https://i.ebayimg.com/images/g/j98AAeSwYolpeU0u/s-l225.jpg
5,https://i.ebayimg.com/images/g/3bkAAeSw1ytpeT0i/s-l225.jpg
10,https://i.ebayimg.com/images/g/H1oAAeSwp7lpS5gM/s-l225.jpg
10,https://i.ebayimg.com/images/g/L~sAAeSwbcxpeTiT/s-l225.jpg
10,https://i.ebayimg.com/images/g/xycAAeSwPu1pdWcG/s-l225.jpg
10,https://i.ebayimg.com/images/g/8B0AAeSw~1BpeUfA/s-l225.jpg
10,https://i.ebayimg.com/images/g/xuwAAeSwrQppLTOZ/s-l225.jpg
7,https://i.ebayimg.com/images/g/-bcAAeSwanppeSkh/s-l225.jpg
10,https://i.ebayimg.com/images/g/w0kAAeSwFPZpePFy/s-l225.jpg
10,https://i.ebayimg.com/images/g/KgcAAeSw4cVpPP8N/s-l225.jpg
10,https://i.ebayimg.com/images/g/~TAAAOSwVPlnc5Hs/s-l225.jpg
8,https://i.ebayimg.com/images/g/qqkAAeSwG0VpWBjR/s-l225.jpg
9,https://i.ebayimg.com/images/g/qQoAAeSwwsNpeP9H/s-l225.jpg
10,https://i.ebayimg.com/images/g/S5EAAeSwzKppWxN8/s-l225.jpg
9,https://i.ebayimg.com/images/g/ay4AAeSwD3ZpeU4W/s-l225.jpg
10,https://i.ebayimg.com/images/g/pYYAAeSwUnlpeUbZ/s-l225.jpg
10,https://i.ebayimg.com/images/g/tjcAAeSwmuBpeRtP/s-l225.jpg
10,https://i.ebayimg.com/images/g/o6oAAeSwBgdpeVLt/s-l225.jpg
10,https://i.ebayimg.com/images/g/mz0AAeSwiG1peVEO/s-l225.jpg
10,https://i.ebayimg.com/images/g/EvkAAOSwI1pmGDMH/s-l225.jpg
9,https://i.ebayimg.com/images/g/d0wAAeSwtmNpC9m4/s-l225.jpg
8,https://i.ebayimg.com/images/g/kfEAAeSwRaFpeU2-/s-l225.jpg
7,https://i.ebayimg.com/images/g/-bcAAeSwanppeSkh/s-l225.jpg
8,https://i.ebayimg.com/images/g/AGUAAeSw-PppeS90/s-l225.jpg
5,https://i.ebayimg.com/images/g/QYsAAeSw-PppeT1I/s-l225.jpg
10,https://i.ebayimg.com/images/g/0hoAAeSw5Gpo0kAm/s-l225.jpg
10,https://i.ebayimg.com/images/g/KKoAAeSwiwppeTkl/s-l225.jpg
9,https://i.ebayimg.com/images/g/U5MAAOSwoLZlz~MF/s-l225.jpg
9,https://i.ebayimg.com/images/g/FV4AAeSwHM1o7VbQ/s-l225.jpg
10,https://i.ebayimg.com/images/g/4L8AAeSwV2dpeOLs/s-l225.jpg
10,https://i.ebayimg.com/images/g/e88AAeSwWm5peUiF/s-l225.jpg
8,https://i.ebayimg.com/images/g/PRIAAeSwDtFotSEg/s-l225.jpg
10,https://i.ebayimg.com/images/g/QSUAAeSwTFhpeTre/s-l225.jpg
10,https://i.ebayimg.com/images/g/re8AAeSwlyJpMTI1/s-l225.jpg
8,https://i.ebayimg.com/images/g/F~IAAeSwFvBo2~eM/s-l225.jpg
9,https://i.ebayimg.com/images/g/fYYAAeSwtElpeQWM/s-l225.jpg
8,https://i.ebayimg.com/images/g/LwMAAeSwGcNpeTnT/s-l225.jpg
9,https://i.ebayimg.com/images/g/WxAAAeSwKJlpeUBD/s-l225.jpg
10,https://i.ebayimg.com/images/g/05QAAeSwLrBpS47G/s-l225.jpg
9,https://i.ebayimg.com/images/g/Ku0AAeSw3eRotsf4/s-l225.jpg
8,https://i.ebayimg.com/images/g/40kAAeSwzoJo9nCr/s-l225.jpg
6,https://i.ebayimg.com/images/g/FWIAAeSwIPJpVBrM/s-l225.jpg
9,https://i.ebayimg.com/images/g/C84AAeSwzFVpcV1k/s-l225.jpg
10,https://i.ebayimg.com/images/g/BVUAAeSwSahpeS5T/s-l225.jpg
9,https://i.ebayimg.com/images/g/IFwAAeSw-IJo7Tqf/s-l225.jpg
10,https://i.ebayimg.com/images/g/bxoAAeSwqTRpeUAK/s-l225.jpg
9,https://i.ebayimg.com/images/g/2MQAAeSwAUhpePvN/s-l225.jpg
9,https://i.ebayimg.com/images/g/XAcAAeSwvcFpeT0q/s-l225.jpg
9,https://i.ebayimg.com/images/g/mAkAAeSw4jFpP5zs/s-l225.jpg
9,https://i.ebayimg.com/images/g/2NwAAeSwvTJpeQZM/s-l225.jpg
7,https://i.ebayimg.com/images/g/5I8AAeSwu2RpeSba/s-l225.jpg
10,https://i.ebayimg.com/images/g/y2UAAeSwWJ1pdWBP/s-l225.jpg
10,https://i.ebayimg.com/images/g/EOsAAeSwmGNpeU4O/s-l225.jpg
1,https://i.ebayimg.com/images/g/duwAAeSwy7FpeRu2/s-l225.jpg
4,https://i.ebayimg.com/images/g/jiYAAeSwalhpeU~7/s-l225.jpg
10,https://i.ebayimg.com/images/g/-x0AAOSwvsJoO3OG/s-l225.jpg
10,https://i.ebayimg.com/images/g/JSgAAeSwoPdpeVHB/s-l225.jpg
10,https://i.ebayimg.com/images/g/xGkAAeSwJZRpYKu3/s-l225.jpg
10,https://i.ebayimg.com/images/g/RC8AAeSw7-5pH7iV/s-l225.jpg
7,https://i.ebayimg.com/images/g/X6oAAeSwo59peQbn/s-l225.jpg
10,https://i.ebayimg.com/images/g/8-wAAeSwBk1peS6~/s-l225.jpg
9,https://i.ebayimg.com/images/g/i98AAeSwAF9paHWk/s-l225.jpg
10,https://i.ebayimg.com/images/g/Ca8AAeSwUnlpeSbf/s-l225.jpg
9,https://i.ebayimg.com/images/g/skcAAOSwn-NoB~Bn/s-l225.jpg
10,https://i.ebayimg.com/images/g/nzAAAeSwKvBpeVGU/s-l225.jpg
8,https://i.ebayimg.com/images/g/37YAAeSwgdNpeUxs/s-l225.jpg
10,https://i.ebayimg.com/images/g/A2QAAeSwDCxpeVJK/s-l225.jpg
1,https://i.ebayimg.com/images/g/bd4AAeSwmnNpT3pH/s-l225.jpg
7,https://i.ebayimg.com/images/g/sdAAAeSwgqhpdbjz/s-l225.jpg
10,https://i.ebayimg.com/images/g/D0AAAeSwRv1peTLV/s-l225.jpg
9,https://i.ebayimg.com/images/g/Bv8AAeSw-URo6WyB/s-l225.jpg
9,https://i.ebayimg.com/images/g/RIkAAeSwYkRpeT-M/s-l225.jpg
10,https://i.ebayimg.com/images/g/MQEAAeSw-C5pKTVT/s-l225.jpg
8,https://i.ebayimg.com/images/g/m5sAAeSwUOJpeSTP/s-l225.jpg
8,https://i.ebayimg.com/images/g/A3cAAeSwemNpdlU2/s-l225.jpg
10,https://i.ebayimg.com/images/g/Dh4AAeSw1L1peTZM/s-l225.jpg
8,https://i.ebayimg.com/images/g/pYAAAeSwF6JpeVH3/s-l225.jpg
10,https://i.ebayimg.com/images/g/Hv8AAeSweR9peOhD/s-l225.jpg
10,https://i.ebayimg.com/images/g/9sQAAeSwyOJpeEXp/s-l225.jpg
9,https://i.ebayimg.com/images/g/9YIAAeSwhwxpdbg-/s-l225.jpg
9,https://i.ebayimg.com/images/g/-Z0AAeSw-M9pePqQ/s-l225.jpg
9,https://i.ebayimg.com/images/g/iecAAeSwYAVpeUqp/s-l225.jpg
7,https://i.ebayimg.com/images/g/sUIAAeSwashpeO5n/s-l225.jpg
9,https://i.ebayimg.com/images/g/h6gAAeSw0PVpeTbX/s-l225.jpg
8,https://i.ebayimg.com/images/g/FDoAAeSwqTZo9p1P/s-l225.jpg
8,https://i.ebayimg.com/images/g/FDoAAeSwqTZo9p1P/s-l225.jpg
10,https://i.ebayimg.com/images/g/98sAAeSweW9peM0T/s-l225.jpg
9,https://i.ebayimg.com/images/g/j1QAAeSwBslpeR8F/s-l225.jpg
10,https://i.ebayimg.com/images/g/97UAAeSwDSxpeTji/s-l225.jpg
10,https://i.ebayimg.com/images/g/IQQAAeSwQ6JpeTe-/s-l225.jpg
9,https://i.ebayimg.com/images/g/M2YAAeSwbQhpdm7G/s-l225.jpg
9,https://i.ebayimg.com/images/g/XVMAAeSwWQFpeU7y/s-l225.jpg
9,https://i.ebayimg.com/images/g/GOkAAeSw--VpeUB9/s-l225.jpg
10,https://i.ebayimg.com/images/g/o14AAeSw-35paJX0/s-l225.jpg
9,https://i.ebayimg.com/images/g/svQAAeSwz5JpeRoh/s-l225.jpg
10,https://i.ebayimg.com/images/g/AtUAAOSwG5Fn28Pi/s-l225.jpg
10,https://i.ebayimg.com/images/g/ILQAAeSw~1BpeVPC/s-l225.jpg
10,https://i.ebayimg.com/images/g/ojcAAeSw1iVpeVFG/s-l225.jpg
10,https://i.ebayimg.com/images/g/o6oAAeSwBgdpeVLt/s-l225.jpg
9,https://i.ebayimg.com/images/g/neIAAeSws~RpExWa/s-l225.jpg
8,https://i.ebayimg.com/images/g/wMAAAeSwGftognfO/s-l225.jpg
8,https://i.ebayimg.com/images/g/rVAAAeSwT7ppeVK6/s-l225.jpg
9,https://i.ebayimg.com/images/g/0GoAAeSwlv9pePNm/s-l225.jpg
10,https://i.ebayimg.com/images/g/HUkAAeSw-FJpeQCm/s-l225.jpg
10,https://i.ebayimg.com/images/g/R6wAAeSw61BpeUh7/s-l225.jpg
10,https://i.ebayimg.com/images/g/eQcAAeSwuIVpccD5/s-l225.jpg
10,https://i.ebayimg.com/images/g/6Y8AAeSwzXFpeU6X/s-l225.jpg
10,https://i.ebayimg.com/images/g/0h0AAeSwws1peMlD/s-l225.jpg
10,https://i.ebayimg.com/images/g/f64AAeSww19peUu9/s-l225.jpg
10,https://i.ebayimg.com/images/g/oVcAAeSwqKBpcuNK/s-l225.jpg
9,https://i.ebayimg.com/images/g/FNkAAeSwDdBpbkRe/s-l225.jpg
9,https://i.ebayimg.com/images/g/IigAAeSwcD1peQyB/s-l225.jpg
10,https://i.ebayimg.com/images/g/XBAAAeSwKuFpeRav/s-l225.jpg
10,https://i.ebayimg.com/images/g/9MkAAeSwh4BpIXao/s-l225.jpg
8,https://i.ebayimg.com/images/g/pcUAAeSwlQFpcxdL/s-l225.jpg
9,https://i.ebayimg.com/images/g/bHEAAeSwQcVpeUGK/s-l225.jpg
9,https://i.ebayimg.com/images/g/m8EAAeSwwiBpeVA5/s-l225.jpg
10,https://i.ebayimg.com/images/g/2YkAAeSw6CRpeSmq/s-l225.jpg
10,https://i.ebayimg.com/images/g/72MAAeSw78FpeD-k/s-l225.jpg
9,https://i.ebayimg.com/images/g/vrcAAeSwN~BpboA1/s-l225.jpg
7,https://i.ebayimg.com/images/g/H9AAAeSwc91peTaV/s-l225.jpg
10,https://i.ebayimg.com/images/g/BW8AAeSwQqRpaVbP/s-l225.jpg
10,https://i.ebayimg.com/images/g/mDsAAeSw78FpeRap/s-l225.jpg
9,https://i.ebayimg.com/images/g/UzoAAeSwRv1peUCg/s-l225.jpg
10,https://i.ebayimg.com/images/g/-BMAAeSwDeJpeP-u/s-l225.jpg
9,https://i.ebayimg.com/images/g/EysAAeSwalhpeTct/s-l225.jpg
10,https://i.ebayimg.com/images/g/t3wAAeSwRytpeVPS/s-l225.jpg
9,https://i.ebayimg.com/images/g/RIkAAeSwYkRpeT-M/s-l225.jpg
9,https://i.ebayimg.com/images/g/89wAAeSwalhpeTBN/s-l225.jpg
9,https://i.ebayimg.com/images/g/8jcAAeSwL95peSds/s-l225.jpg
10,https://i.ebayimg.com/images/g/z98AAeSwMXdpeSet/s-l225.jpg
10,https://i.ebayimg.com/images/g/xC8AAeSw2B5pCVF5/s-l225.jpg
10,https://i.ebayimg.com/images/g/8CMAAeSwu3NpXoOq/s-l225.jpg
10,https://i.ebayimg.com/images/g/7oAAAeSwqYdpZIrx/s-l225.jpg
10,https://i.ebayimg.com/images/g/fN4AAeSweR9peVLz/s-l225.jpg
10,https://i.ebayimg.com/images/g/ItkAAeSwGcNpeQWI/s-l225.jpg
10,https://i.ebayimg.com/images/g/vB8AAOSwNapkpNqi/s-l225.jpg
9,https://i.ebayimg.com/images/g/TsQAAeSwnhZpcV4z/s-l225.jpg
10,https://i.ebayimg.com/images/g/~nIAAeSwuhppYHSj/s-l225.jpg
10,https://i.ebayimg.com/images/g/nxwAAeSwqxhpeRZn/s-l225.jpg
10,https://i.ebayimg.com/images/g/QUMAAeSwhw1peRYp/s-l225.jpg
9,https://i.ebayimg.com/images/g/-qsAAeSwGCxpUgAw/s-l225.jpg
9,https://i.ebayimg.com/images/g/rzkAAeSw39dpeRo5/s-l225.jpg
8,https://i.ebayimg.com/images/g/rTkAAeSwmZNpeR3C/s-l225.jpg
6,https://i.ebayimg.com/images/g/CzQAAeSwwdZpeTvV/s-l225.jpg
7,https://i.ebayimg.com/images/g/DnoAAeSwtIdohPJc/s-l225.jpg
7,https://i.ebayimg.com/images/g/DnoAAeSwtIdohPJc/s-l225.jpg
10,https://i.ebayimg.com/images/g/~CYAAeSwHIdpeUC-/s-l225.jpg
8,https://i.ebayimg.com/images/g/IwIAAeSwgYZo9oZN/s-l225.jpg
7,https://i.ebayimg.com/images/g/MNYAAeSwcD1peQ7m/s-l225.jpg
9,https://i.ebayimg.com/images/g/xSkAAeSwbcxpeSDn/s-l225.jpg
8,https://i.ebayimg.com/images/g/J2cAAeSwBk1peTmL/s-l225.jpg
8,https://i.ebayimg.com/images/g/y3oAAeSweLhpePts/s-l225.jpg
9,https://i.ebayimg.com/images/g/AlsAAeSwxWVpbTf0/s-l225.jpg
7,https://i.ebayimg.com/images/g/BVAAAeSwcwlpCU4W/s-l225.jpg
9,https://i.ebayimg.com/images/g/~vUAAeSwc81o3wa5/s-l225.jpg
10,https://i.ebayimg.com/images/g/wmIAAeSw61BpeS3K/s-l225.jpg
10,https://i.ebayimg.com/images/g/hAcAAeSw8SFpeU2l/s-l225.jpg
10,https://i.ebayimg.com/images/g/6QwAAeSwlrFpeUSr/s-l225.jpg
9,https://i.ebayimg.com/images/g/8XIAAeSwYHZpVXMb/s-l225.jpg
10,https://i.ebayimg.com/images/g/rGcAAeSwt4dpeSvW/s-l225.jpg
9,https://i.ebayimg.com/images/g/-PoAAOSwGUNhfW42/s-l225.jpg
10,https://i.ebayimg.com/images/g/sSYAAeSwyztpeTWH/s-l225.jpg
8,https://i.ebayimg.com/images/g/M7QAAeSw779peUMa/s-l225.jpg
9,https://i.ebayimg.com/images/g/wVUAAeSw78FpeSB2/s-l225.jpg
10,https://i.ebayimg.com/images/g/lTwAAeSwAlVpeUu0/s-l225.jpg
8,https://i.ebayimg.com/images/g/M~MAAeSwCfFpeQXO/s-l225.jpg
3,https://i.ebayimg.com/images/g/DY8AAeSwl91peS-M/s-l225.jpg
9,https://i.ebayimg.com/images/g/1i8AAeSwXfNpePSB/s-l225.jpg
10,https://i.ebayimg.com/images/g/8tIAAeSwRp1oeD2r/s-l225.jpg
9,https://i.ebayimg.com/images/g/SeMAAeSwqbtpeSiM/s-l225.jpg
10,https://i.ebayimg.com/images/g/FJYAAeSwkw1peNRE/s-l225.jpg
8,https://i.ebayimg.com/images/g/yVUAAeSw-JdpePB-/s-l225.jpg
10,https://i.ebayimg.com/images/g/9h4AAeSwYHZpWHLQ/s-l225.jpg
9,https://i.ebayimg.com/images/g/pmQAAeSw7WZpePnj/s-l225.jpg
9,https://i.ebayimg.com/images/g/jy8AAeSwO0RpeTew/s-l225.jpg
8,https://i.ebayimg.com/images/g/FlgAAeSwcGNpeTFs/s-l225.jpg
9,https://i.ebayimg.com/images/g/oEIAAeSwmGNpeTb8/s-l225.jpg
10,https://i.ebayimg.com/images/g/6XoAAeSwmF5peSc-/s-l225.jpg
9,https://i.ebayimg.com/images/g/bI4AAOSwAChhmWXB/s-l225.jpg
5,https://i.ebayimg.com/images/g/DF0AAeSwO8ZpePzZ/s-l225.jpg
9,https://i.ebayimg.com/images/g/CRcAAeSw8SFpeTLL/s-l225.jpg
10,https://i.ebayimg.com/images/g/~jwAAeSweR9peQY5/s-l225.jpg
10,https://i.ebayimg.com/images/g/wgMAAeSwz5JpeVSf/s-l225.jpg
10,https://i.ebayimg.com/images/g/TUgAAeSwH-1peTqL/s-l225.jpg
10,https://i.ebayimg.com/images/g/KA4AAeSwEfZpeTOZ/s-l225.jpg
10,https://i.ebayimg.com/images/g/aK0AAeSwoPdpeNr9/s-l225.jpg
1,https://i.ebayimg.com/images/g/u5EAAeSwl~tpeUJ3/s-l225.jpg
10,https://i.ebayimg.com/images/g/kBAAAeSwQcVpeUlp/s-l225.jpg
9,https://i.ebayimg.com/images/g/WOwAAeSwHVZpeSJE/s-l225.jpg
6,https://i.ebayimg.com/images/g/rqUAAeSwxtNpTsCv/s-l225.jpg
10,https://i.ebayimg.com/images/g/xNMAAeSwF6JpeR6o/s-l225.jpg
8,https://i.ebayimg.com/images/g/W04AAeSwEdZpd7jM/s-l225.jpg
8,https://i.ebayimg.com/images/g/~P8AAeSwz6xpeS5F/s-l225.jpg
9,https://i.ebayimg.com/images/g/cL8AAeSwgbdpcCE6/s-l225.jpg
9,https://i.ebayimg.com/images/g/y9wAAeSwQAVpeR5F/s-l225.jpg
10,https://i.ebayimg.com/images/g/LPkAAeSwFPZpeTdk/s-l225.jpg
10,https://i.ebayimg.com/images/g/XKMAAeSwYzpo7bNq/s-l225.jpg
10,https://i.ebayimg.com/images/g/g~sAAeSwwdZpeVRI/s-l225.jpg
8,https://i.ebayimg.com/images/g/ozoAAeSwXUppeVF4/s-l225.jpg
10,https://i.ebayimg.com/images/g/gCwAAeSwnedpeUxV/s-l225.jpg
10,https://i.ebayimg.com/images/g/Tb4AAeSw5J5pcaQi/s-l225.jpg
8,https://i.ebayimg.com/images/g/RpAAAeSwc3VpA6Sb/s-l225.jpg
9,https://i.ebayimg.com/images/g/PCUAAeSwz0NpeTnJ/s-l225.jpg
10,https://i.ebayimg.com/images/g/UWYAAOSw5vhm1xww/s-l225.jpg
9,https://i.ebayimg.com/images/g/YOkAAOSwnU1lbSa2/s-l225.jpg
5,https://i.ebayimg.com/images/g/JeEAAeSw-FJpeQG7/s-l225.jpg
10,https://i.ebayimg.com/images/g/4xQAAeSwOpVpeSe6/s-l225.jpg
10,https://i.ebayimg.com/images/g/z-UAAeSwZfBpeSQM/s-l225.jpg
10,https://i.ebayimg.com/images/g/9nwAAeSw8MBpeTck/s-l225.jpg
9,https://i.ebayimg.com/images/g/PEIAAeSw-PppeTw8/s-l225.jpg
8,https://i.ebayimg.com/images/g/FzYAAeSwBk1peTbW/s-l225.jpg
10,https://i.ebayimg.com/images/g/mhIAAeSwVVVpeVBs/s-l225.jpg
7,https://i.ebayimg.com/images/g/PeMAAeSw5XJpeOY5/s-l225.jpg
10,https://i.ebayimg.com/images/g/2hIAAeSwdeNo5AH8/s-l225.jpg
10,https://i.ebayimg.com/images/g/3fwAAeSwUnlpeVR8/s-l225.jpg
9,https://i.ebayimg.com/images/g/tKYAAeSwJNFognFa/s-l225.jpg
7,https://i.ebayimg.com/images/g/yC8AAeSwyV5peQB7/s-l225.jpg
10,https://i.ebayimg.com/images/g/uKYAAeSwARhpeS0X/s-l225.jpg
10,https://i.ebayimg.com/images/g/9nwAAeSw8MBpeTck/s-l225.jpg
10,https://i.ebayimg.com/images/g/PukAAeSwc2ppeT5p/s-l225.jpg
10,https://i.ebayimg.com/images/g/-2kAAeSw-PppePr7/s-l225.jpg
10,https://i.ebayimg.com/images/g/ARgAAeSwzZBn4Dtd/s-l225.jpg
9,https://i.ebayimg.com/images/g/dpUAAOSwc59myK9O/s-l225.jpg
9,https://i.ebayimg.com/images/g/51AAAeSwf8do7VKN/s-l225.jpg
9,https://i.ebayimg.com/images/g/xWcAAeSww19peSSA/s-l225.jpg
8,https://i.ebayimg.com/images/g/Rp0AAeSwemNpeRHm/s-l225.jpg
8,https://i.ebayimg.com/images/g/N3UAAOSwFwljgKuS/s-l225.jpg
10,https://i.ebayimg.com/images/g/WZIAAeSwy7FpeU8I/s-l225.jpg
5,https://i.ebayimg.com/images/g/Sb0AAeSw45BpeT1j/s-l225.jpg
10,https://i.ebayimg.com/images/g/tkgAAeSwoPdpeTpi/s-l225.jpg
8,https://i.ebayimg.com/images/g/Zb4AAeSwgsVpeO4Q/s-l225.jpg
10,https://i.ebayimg.com/images/g/R64AAeSw0MNpeT-T/s-l225.jpg
6,https://i.ebayimg.com/images/g/wBcAAeSwjoxpeSJq/s-l225.jpg
9,https://i.ebayimg.com/images/g/-MUAAeSwm21pYmZX/s-l225.jpg
8,https://i.ebayimg.com/images/g/4JkAAeSwiexo-pU1/s-l225.jpg
8,https://i.ebayimg.com/images/g/TmsAAeSwXlVpeT3L/s-l225.jpg
10,https://i.ebayimg.com/images/g/j-IAAeSw-FJpeU3D/s-l225.jpg
10,https://i.ebayimg.com/images/g/BpEAAeSwaAln4Dt4/s-l225.jpg
10,https://i.ebayimg.com/images/g/4OkAAeSwR8hpePZX/s-l225.jpg
10,https://i.ebayimg.com/images/g/4O8AAeSw0l9peNvP/s-l225.jpg
10,https://i.ebayimg.com/images/g/DcIAAeSwhd9pcuQL/s-l225.jpg
10,https://i.ebayimg.com/images/g/sSYAAeSwyztpeTWH/s-l225.jpg
9,https://i.ebayimg.com/images/g/LWQAAeSwXflpeThg/s-l225.jpg
10,https://i.ebayimg.com/images/g/pQYAAeSwemNpeSba/s-l225.jpg
10,https://i.ebayimg.com/images/g/grAAAeSwXy9pYLa9/s-l225.jpg
9,https://i.ebayimg.com/images/g/0-8AAeSwZedpeSQm/s-l225.jpg
8,https://i.ebayimg.com/images/g/T6IAAeSwemNpeROV/s-l225.jpg
10,https://i.ebayimg.com/images/g/GHsAAeSwTqNpeTa4/s-l225.jpg
9,https://i.ebayimg.com/images/g/a5YAAeSwKGlpeVE9/s-l225.jpg
10,https://i.ebayimg.com/images/g/2w0AAeSwDGNpY~sO/s-l225.jpg
8,https://i.ebayimg.com/images/g/lNYAAeSwAlVpeUuc/s-l225.jpg
8,https://i.ebayimg.com/images/g/vWoAAeSwwdZpeSsG/s-l225.jpg
10,https://i.ebayimg.com/images/g/UYMAAeSwEp1peTzh/s-l225.jpg
9,https://i.ebayimg.com/images/g/IL0AAeSw8A5peTau/s-l225.jpg
9,https://i.ebayimg.com/images/g/svQAAeSwz5JpeRoh/s-l225.jpg
10,https://i.ebayimg.com/images/g/6NUAAeSwWJ1pcuTU/s-l225.jpg
10,https://i.ebayimg.com/images/g/~7AAAeSwJ2dpeS5E/s-l225.jpg
10,https://i.ebayimg.com/images/g/phUAAeSw39dpeRf6/s-l225.jpg
10,https://i.ebayimg.com/images/g/g1kAAeSwNn9peUmU/s-l225.jpg
10,https://i.ebayimg.com/images/g/D~AAAeSwYmhosBz9/s-l225.jpg
9,https://i.ebayimg.com/images/g/mUUAAeSwnedpeVHE/s-l225.jpg
10,https://i.ebayimg.com/images/g/c4UAAeSw2jdpeTtr/s-l225.jpg
10,https://i.ebayimg.com/images/g/eVIAAeSw0m9pcuVk/s-l225.jpg
10,https://i.ebayimg.com/images/g/6ccAAeSwPHZpd9q3/s-l225.jpg
8,https://i.ebayimg.com/images/g/Z5IAAeSw8UdpeQ2N/s-l225.jpg
10,https://i.ebayimg.com/images/g/8HkAAeSwxxRpeTY5/s-l225.jpg
10,https://i.ebayimg.com/images/g/WYsAAeSwUdppZVaK/s-l225.jpg
10,https://i.ebayimg.com/images/g/GkEAAeSwSahpeTMK/s-l225.jpg
10,https://i.ebayimg.com/images/g/yDEAAeSwLCdpeR35/s-l225.jpg
8,https://i.ebayimg.com/images/g/P2EAAeSw2jdpeTEU/s-l225.jpg
10,https://i.ebayimg.com/images/g/Nj0AAeSwFPZpc9tQ/s-l225.jpg
9,https://i.ebayimg.com/images/g/jKQAAeSwBgdpeRfm/s-l225.jpg
10,https://i.ebayimg.com/images/g/VfkAAeSwLdRpeQ8Z/s-l225.jpg
10,https://i.ebayimg.com/images/g/NtMAAeSwj9dpeTjU/s-l225.jpg
8,https://i.ebayimg.com/images/g/3VwAAeSwnM1peSKq/s-l225.jpg
8,https://i.ebayimg.com/images/g/glAAAeSw7Wtpc4Z6/s-l225.jpg
8,https://i.ebayimg.com/images/g/7RwAAeSwVcxo-pWH/s-l225.jpg
8,https://i.ebayimg.com/images/g/iXIAAeSwyeRogm9l/s-l225.jpg
8,https://i.ebayimg.com/images/g/7RwAAeSwVcxo-pWH/s-l225.jpg
8,https://i.ebayimg.com/images/g/iXIAAeSwyeRogm9l/s-l225.jpg
8,https://i.ebayimg.com/images/g/UVwAAeSwAYFpeUD4/s-l225.jpg
10,https://i.ebayimg.com/images/g/skMAAeSwqJBpeScr/s-l225.jpg
10,https://i.ebayimg.com/images/g/fVwAAeSw9ehpeRBz/s-l225.jpg
10,https://i.ebayimg.com/images/g/L0QAAeSwc91peTmI/s-l225.jpg
9,https://i.ebayimg.com/images/g/ZRcAAeSw5XJpeUIT/s-l225.jpg
10,https://i.ebayimg.com/images/g/8d4AAeSw9lhpeStZ/s-l225.jpg
9,https://i.ebayimg.com/images/g/PhEAAeSwXUppeTtZ/s-l225.jpg
9,https://i.ebayimg.com/images/g/paEAAOSwfQloJ7OX/s-l225.jpg
8,https://i.ebayimg.com/images/g/fnoAAeSwxlho--zF/s-l225.jpg
9,https://i.ebayimg.com/images/g/z48AAeSwnDVogkOR/s-l225.jpg
10,https://i.ebayimg.com/images/g/4BMAAeSwgxVop~Ul/s-l225.jpg
9,https://i.ebayimg.com/images/g/zZkAAeSwF6JpeSD4/s-l225.jpg
9,https://i.ebayimg.com/images/g/YNQAAeSwUy9peSha/s-l225.jpg
6,https://i.ebayimg.com/images/g/DAEAAeSwg0ZpeS82/s-l225.jpg
8,https://i.ebayimg.com/images/g/5RwAAeSwzXFpeU2M/s-l225.jpg
10,https://i.ebayimg.com/images/g/h00AAeSwqJBpcrLh/s-l225.jpg
10,https://i.ebayimg.com/images/g/F0gAAeSwSahpeTJV/s-l225.jpg
9,https://i.ebayimg.com/images/g/zbwAAeSwEZho7UuL/s-l225.jpg
9,https://i.ebayimg.com/images/g/GRwAAeSwCtNovxw1/s-l225.jpg
10,https://i.ebayimg.com/images/g/fHAAAeSwCbxn8~pd/s-l225.jpg
10,https://i.ebayimg.com/images/g/MpkAAeSwqxlpVZJ8/s-l225.jpg
9,https://i.ebayimg.com/images/g/eucAAeSwOt5peUwZ/s-l225.jpg
10,https://i.ebayimg.com/images/g/67oAAeSw7CdpIqaO/s-l225.jpg
8,https://i.ebayimg.com/images/g/zG8AAeSwdUJpeSFP/s-l225.jpg
10,https://i.ebayimg.com/images/g/4uUAAeSwSNln4Dv4/s-l225.jpg
8,https://i.ebayimg.com/images/g/SDYAAOSwalpoJ2xd/s-l225.jpg
8,https://i.ebayimg.com/images/g/8TsAAeSw4ipo-o-7/s-l225.jpg
2,https://i.ebayimg.com/images/g/auwAAeSwu2RpeUO6/s-l225.jpg
10,https://i.ebayimg.com/images/g/uNgAAeSw2E9peVTU/s-l225.jpg
9,https://i.ebayimg.com/images/g/fwcAAeSwpAppeUnD/s-l225.jpg
10,https://i.ebayimg.com/images/g/0n4AAeSw9hlpQhRO/s-l225.jpg
9,https://i.ebayimg.com/images/g/EK8AAeSwQ6JpeTQe/s-l225.jpg
9,https://i.ebayimg.com/images/g/VOQAAeSwQGJpeUzC/s-l225.jpg
10,https://i.ebayimg.com/images/g/pQIAAeSwmHdpeNas/s-l225.jpg
10,https://i.ebayimg.com/images/g/pREAAeSwfntpMQ7d/s-l225.jpg
4,https://i.ebayimg.com/images/g/6JgAAeSwDkJpeS2U/s-l225.jpg
9,https://i.ebayimg.com/images/g/3UkAAeSwzFhpeSeG/s-l225.jpg
10,https://i.ebayimg.com/images/g/G84AAOSwkBVmx0s4/s-l225.jpg
10,https://i.ebayimg.com/images/g/3PMAAeSwU~BpeMvT/s-l225.jpg
10,https://i.ebayimg.com/images/g/n74AAeSwalhpeNMm/s-l225.jpg
10,https://i.ebayimg.com/images/g/IH0AAeSwhwxpeP5y/s-l225.jpg
10,https://i.ebayimg.com/images/g/U-8AAeSwtElpeS7p/s-l225.jpg
9,https://i.ebayimg.com/images/g/hCcAAeSwvBtpP5hs/s-l225.jpg
9,https://i.ebayimg.com/images/g/UPAAAeSwxxRpeUjj/s-l225.jpg
10,https://i.ebayimg.com/images/g/8cUAAeSwwpVpeUit/s-l225.jpg
8,https://i.ebayimg.com/images/g/qEUAAeSwFPZpeRf8/s-l225.jpg
10,https://i.ebayimg.com/images/g/sGoAAeSwegJpeO3K/s-l225.jpg
10,https://i.ebayimg.com/images/g/MR0AAeSw1ytpeU7~/s-l225.jpg
8,https://i.ebayimg.com/images/g/2RQAAeSwEfZpdltA/s-l225.jpg
10,https://i.ebayimg.com/images/g/oFwAAeSw~cFpeVAG/s-l225.jpg
6,https://i.ebayimg.com/images/g/h1sAAeSwU~BpeRNA/s-l225.jpg
9,https://i.ebayimg.com/images/g/SFkAAeSwN-ppcWZa/s-l225.jpg
10,https://i.ebayimg.com/images/g/-u8AAeSw-3lpeVTV/s-l225.jpg
9,https://i.ebayimg.com/images/g/R2QAAeSwpbtpeTiq/s-l225.jpg
6,https://i.ebayimg.com/images/g/C~QAAeSwoO1pa5dD/s-l225.jpg
9,https://i.ebayimg.com/images/g/6mwAAeSwVLdpGKia/s-l225.jpg
10,https://i.ebayimg.com/images/g/ljwAAeSwJbBo0kMF/s-l225.jpg
10,https://i.ebayimg.com/images/g/Yx4AAOSwCoRoLFtX/s-l225.jpg
10,https://i.ebayimg.com/images/g/MB0AAeSw1u1peTcy/s-l225.jpg
10,https://i.ebayimg.com/images/g/3mIAAeSwaZFpeSXR/s-l225.jpg
1,https://i.ebayimg.com/images/g/9boAAeSw~cFpeSmm/s-l225.jpg
10,https://i.ebayimg.com/images/g/bBEAAeSw2PxoLClC/s-l225.jpg
2,https://i.ebayimg.com/images/g/Wr8AAeSwpNlpeUHB/s-l225.jpg
7,https://i.ebayimg.com/images/g/HXQAAeSwKTJoyZ66/s-l225.jpg
9,https://i.ebayimg.com/images/g/8VcAAeSwZLpovwhT/s-l225.jpg
10,https://i.ebayimg.com/images/g/Yx4AAOSwCoRoLFtX/s-l225.jpg
10,https://i.ebayimg.com/images/g/OpIAAeSwSahpeTnT/s-l225.jpg
7,https://i.ebayimg.com/images/g/vu4AAeSw0l9peSPT/s-l225.jpg
10,https://i.ebayimg.com/images/g/gCUAAeSw5B9peVRZ/s-l225.jpg
9,https://i.ebayimg.com/images/g/g1EAAeSwLCdpeUg0/s-l225.jpg
9,https://i.ebayimg.com/images/g/U8IAAOSw3Sxlzr1M/s-l225.jpg
8,https://i.ebayimg.com/images/g/5swAAeSwn6Bo9qT0/s-l225.jpg
10,https://i.ebayimg.com/images/g/KjkAAeSwdyZpdlR3/s-l225.jpg
8,https://i.ebayimg.com/images/g/J-YAAeSwWlVpBVb3/s-l225.jpg
10,https://i.ebayimg.com/images/g/S9wAAeSw8VdpeTwg/s-l225.jpg
10,https://i.ebayimg.com/images/g/GsUAAeSwOkppeTce/s-l225.jpg
1,https://i.ebayimg.com/images/g/OlMAAeSwNqNpeUbn/s-l225.jpg
6,https://i.ebayimg.com/images/g/7cYAAeSw431peSum/s-l225.jpg
9,https://i.ebayimg.com/images/g/zvQAAeSwRFZpeSEb/s-l225.jpg
10,https://i.ebayimg.com/images/g/EH8AAeSwwsNpeUGs/s-l225.jpg
9,https://i.ebayimg.com/images/g/M3UAAeSwNYFovwN2/s-l225.jpg
9,https://i.ebayimg.com/images/g/bgUAAeSwUnlpeObD/s-l225.jpg
9,https://i.ebayimg.com/images/g/YE8AAOSwuAdiWshc/s-l225.jpg
9,https://i.ebayimg.com/images/g/XT0AAeSwX3xpCOSW/s-l225.jpg
9,https://i.ebayimg.com/images/g/FcQAAeSwfNhpP6Of/s-l225.jpg
9,https://i.ebayimg.com/images/g/a5gAAeSwwdZpeU8y/s-l225.jpg
8,https://i.ebayimg.com/images/g/8TsAAeSw4ipo-o-7/s-l225.jpg
9,https://i.ebayimg.com/images/g/UEoAAeSwgG1o5B-C/s-l225.jpg
10,https://i.ebayimg.com/images/g/jg8AAeSwaNVpeUp1/s-l225.jpg
9,https://i.ebayimg.com/images/g/RTUAAeSwrYFpeQYd/s-l225.jpg
9,https://i.ebayimg.com/images/g/GOAAAeSw8SFpeTZ7/s-l225.jpg
10,https://i.ebayimg.com/images/g/phUAAeSw39dpeRf6/s-l225.jpg
10,https://i.ebayimg.com/images/g/ZmcAAeSw9ehpeUQG/s-l225.jpg
9,https://i.ebayimg.com/images/g/7vQAAeSwWJ1peScK/s-l225.jpg
10,https://i.ebayimg.com/images/g/pEUAAeSwO2BpeVKh/s-l225.jpg
8,https://i.ebayimg.com/images/g/v9MAAOSwx29lgziw/s-l225.jpg
9,https://i.ebayimg.com/images/g/mDMAAeSwRv1peVEA/s-l225.jpg
8,https://i.ebayimg.com/images/g/diEAAeSwlv9peQ0B/s-l225.jpg
10,https://i.ebayimg.com/images/g/B2wAAeSwqJBpeTnS/s-l225.jpg
10,https://i.ebayimg.com/images/g/mXsAAeSwmpNpeU-f/s-l225.jpg
10,https://i.ebayimg.com/images/g/HGcAAeSwPSVpSmwx/s-l225.jpg
10,https://i.ebayimg.com/images/g/2J0AAeSwU~BpeSYX/s-l225.jpg
10,https://i.ebayimg.com/images/g/TGUAAeSwegJpeTyq/s-l225.jpg
1,https://i.ebayimg.com/images/g/460AAeSwxEpo1-e3/s-l225.jpg
8,https://i.ebayimg.com/images/g/uZUAAeSwk69peR6h/s-l225.jpg
10,https://i.ebayimg.com/images/g/jlsAAeSwUMRpeU-c/s-l225.jpg
10,https://i.ebayimg.com/images/g/NWwAAeSw7hBpeUQk/s-l225.jpg
10,https://i.ebayimg.com/images/g/U3wAAeSwbcxpeQvG/s-l225.jpg
10,https://i.ebayimg.com/images/g/oKkAAeSwGL5peVNm/s-l225.jpg
10,https://i.ebayimg.com/images/g/O5UAAeSwNTtpeTmY/s-l225.jpg
10,https://i.ebayimg.com/images/g/6pIAAeSwzvhoR7Sg/s-l225.jpg
10,https://i.ebayimg.com/images/g/ynAAAeSwILlpeS87/s-l225.jpg
9,https://i.ebayimg.com/images/g/gz4AAeSwQBBpRYsk/s-l225.jpg
10,https://i.ebayimg.com/images/g/1v4AAeSwPHZpeVH4/s-l225.jpg
8,https://i.ebayimg.com/images/g/neQAAeSwIkZpeU~T/s-l225.jpg
10,https://i.ebayimg.com/images/g/WXgAAeSwXttpeUE1/s-l225.jpg
6,https://i.ebayimg.com/images/g/BBcAAeSwqJBpeQX1/s-l225.jpg
10,https://i.ebayimg.com/images/g/V3MAAeSwc91peUF1/s-l225.jpg
9,https://i.ebayimg.com/images/g/dQkAAOSw~xlk6rn2/s-l225.jpg
7,https://i.ebayimg.com/images/g/HXQAAeSwKTJoyZ66/s-l225.jpg
7,https://i.ebayimg.com/images/g/UYsAAeSw6hRohQII/s-l225.jpg
9,https://i.ebayimg.com/images/g/UEoAAeSwgG1o5B-C/s-l225.jpg
7,https://i.ebayimg.com/images/g/UYsAAeSw6hRohQII/s-l225.jpg
7,https://i.ebayimg.com/images/g/9esAAeSwWtNohQiV/s-l225.jpg
9,https://i.ebayimg.com/images/g/SWQAAOSwdkVoOIPZ/s-l225.jpg
10,https://i.ebayimg.com/images/g/jbIAAeSwR8hpeUsP/s-l225.jpg
9,https://i.ebayimg.com/images/g/A8gAAeSw-ghpeOGZ/s-l225.jpg
10,https://i.ebayimg.com/images/g/RZoAAeSwZ3hpcv9t/s-l225.jpg
10,https://i.ebayimg.com/images/g/sGEAAeSwgTFpePSs/s-l225.jpg
9,https://i.ebayimg.com/images/g/qRkAAeSw00hpeVF0/s-l225.jpg
9,https://i.ebayimg.com/images/g/PsYAAeSwrE5peTms/s-l225.jpg
10,https://i.ebayimg.com/images/g/ZUgAAeSw8axpIBmi/s-l225.jpg
7,https://i.ebayimg.com/images/g/jCkAAeSwVTRoyaC8/s-l225.jpg
9,https://i.ebayimg.com/images/g/240AAeSwXvhoO50V/s-l225.jpg
8,https://i.ebayimg.com/images/g/PzcAAeSwBWJpeQOD/s-l225.jpg
10,https://i.ebayimg.com/images/g/sQIAAeSw1WRpeVPI/s-l225.jpg
10,https://i.ebayimg.com/images/g/6JsAAeSw0y9peSR5/s-l225.jpg
10,https://i.ebayimg.com/images/g/7yMAAeSwz3pooGm6/s-l225.jpg
8,https://i.ebayimg.com/images/g/w6MAAeSwCYho5CpW/s-l225.jpg
9,https://i.ebayimg.com/images/g/IVYAAeSwwb1o7VCp/s-l225.jpg
10,https://i.ebayimg.com/images/g/mI0AAeSw9zdpeVBb/s-l225.jpg
10,https://i.ebayimg.com/images/g/hiAAAeSwqpRpcXYO/s-l225.jpg
9,https://i.ebayimg.com/images/g/MmkAAeSwpaNpdlqE/s-l225.jpg
2,https://i.ebayimg.com/images/g/5ccAAeSwgdNpeRbf/s-l225.jpg
9,https://i.ebayimg.com/images/g/jL0AAeSwbcxpeMuf/s-l225.jpg
9,https://i.ebayimg.com/images/g/sJYAAeSwsFtpeRpx/s-l225.jpg
9,https://i.ebayimg.com/images/g/EkkAAeSwX65pZJMr/s-l225.jpg
9,https://i.ebayimg.com/images/g/icYAAeSwYsdpeRDv/s-l225.jpg
9,https://i.ebayimg.com/images/g/q40AAeSwVeRpeO2G/s-l225.jpg
1,https://i.ebayimg.com/images/g/XmEAAeSwd-xpKF2c/s-l225.jpg
10,https://i.ebayimg.com/images/g/q-4AAOSwVX1nf27h/s-l225.jpg
9,https://i.ebayimg.com/images/g/HHwAAeSwkw1peTNe/s-l225.jpg
10,https://i.ebayimg.com/images/g/qasAAeSwJbJpeSB~/s-l225.jpg
9,https://i.ebayimg.com/images/g/ZtkAAOSwumNk7ZU3/s-l225.jpg
5,https://i.ebayimg.com/images/g/DE8AAeSwILlpeTyT/s-l225.jpg
10,https://i.ebayimg.com/images/g/IOgAAeSwRUxpeTRj/s-l225.jpg
9,https://i.ebayimg.com/images/g/12oAAeSw6zppTFww/s-l225.jpg
10,https://i.ebayimg.com/images/g/eTwAAeSwiZtpePQr/s-l225.jpg
9,https://i.ebayimg.com/images/g/SYEAAeSwu2RpeTzs/s-l225.jpg
10,https://i.ebayimg.com/images/g/r5QAAeSwUBJpeVL6/s-l225.jpg
10,https://i.ebayimg.com/images/g/3cYAAeSwYl5oanQ7/s-l225.jpg
10,https://i.ebayimg.com/images/g/dSYAAeSw-PppeOZU/s-l225.jpg
9,https://i.ebayimg.com/images/g/u1AAAeSw9zdpeR6q/s-l225.jpg
10,https://i.ebayimg.com/images/g/~0sAAeSweuFoffXN/s-l225.jpg
10,https://i.ebayimg.com/images/g/rFQAAeSwdwxpeVD~/s-l225.jpg
9,https://i.ebayimg.com/images/g/4GQAAeSwpKVpK9jX/s-l225.jpg
7,https://i.ebayimg.com/images/g/K0gAAeSws6tpVB0P/s-l225.jpg
9,https://i.ebayimg.com/images/g/cSkAAeSw7WtpeUlC/s-l225.jpg
10,https://i.ebayimg.com/images/g/gfYAAeSwJ2dpeUqq/s-l225.jpg
9,https://i.ebayimg.com/images/g/-3cAAeSwhf5peTlP/s-l225.jpg
9,https://i.ebayimg.com/images/g/n~UAAeSwTqNpeRwU/s-l225.jpg
10,https://i.ebayimg.com/images/g/dugAAeSwE0xpeUR4/s-l225.jpg
10,https://i.ebayimg.com/images/g/y44AAeSwmgFpePPQ/s-l225.jpg
10,https://i.ebayimg.com/images/g/LAIAAeSwD3ZpeUDh/s-l225.jpg
9,https://i.ebayimg.com/images/g/aM8AAeSw1cFpeUMz/s-l225.jpg
10,https://i.ebayimg.com/images/g/n9sAAeSwIkZpeVBM/s-l225.jpg
10,https://i.ebayimg.com/images/g/tCQAAeSwAwBpeVLK/s-l225.jpg
10,https://i.ebayimg.com/images/g/nvIAAeSwtElpeT3C/s-l225.jpg
9,https://i.ebayimg.com/images/g/tGMAAeSw~rlpeSA-/s-l225.jpg
10,https://i.ebayimg.com/images/g/2KcAAeSwFPZpePS0/s-l225.jpg
10,https://i.ebayimg.com/images/g/NK4AAeSwVVVpeTlr/s-l225.jpg
8,https://i.ebayimg.com/images/g/qqAAAeSwvilo~8r8/s-l225.jpg
8,https://i.ebayimg.com/images/g/5PgAAeSw9xVo-pO~/s-l225.jpg
8,https://i.ebayimg.com/images/g/ANoAAOSwXxRoOGM7/s-l225.jpg
10,https://i.ebayimg.com/images/g/86UAAeSwWP1pYE-b/s-l225.jpg
8,https://i.ebayimg.com/images/g/73AAAeSw~kxo9nWD/s-l225.jpg
9,https://i.ebayimg.com/images/g/tGMAAeSw~rlpeSA-/s-l225.jpg
10,https://i.ebayimg.com/images/g/2KcAAeSwFPZpePS0/s-l225.jpg
10,https://i.ebayimg.com/images/g/NK4AAeSwVVVpeTlr/s-l225.jpg
10,https://i.ebayimg.com/images/g/K1YAAeSw-ghpeTv2/s-l225.jpg
1,https://i.ebayimg.com/images/g/YEoAAeSw5B9peRbh/s-l225.jpg
10,https://i.ebayimg.com/images/g/W3UAAeSwaP1peRZl/s-l225.jpg
9,https://i.ebayimg.com/images/g/g8UAAeSwR3Jo7Wa~/s-l225.jpg
9,https://i.ebayimg.com/images/g/S3kAAeSwAYFpeUAJ/s-l225.jpg
9,https://i.ebayimg.com/images/g/E1gAAeSwd3Rovv0G/s-l225.jpg
10,https://i.ebayimg.com/images/g/o5UAAeSwjrhpeVJ1/s-l225.jpg
10,https://i.ebayimg.com/images/g/O6kAAeSwjddpeU06/s-l225.jpg
10,https://i.ebayimg.com/images/g/cG8AAeSwaqZoqUiF/s-l225.jpg
8,https://i.ebayimg.com/images/g/UAsAAeSwsVVpeT0b/s-l225.jpg
10,https://i.ebayimg.com/images/g/XCoAAeSw3FlpeOEe/s-l225.jpg
7,https://i.ebayimg.com/images/g/2LoAAeSwTcVohOlB/s-l225.jpg
9,https://i.ebayimg.com/images/g/2I4AAeSwEcpo7UbR/s-l225.jpg
10,https://i.ebayimg.com/images/g/cs0AAeSwAwBpeUMX/s-l225.jpg
8,https://i.ebayimg.com/images/g/LLYAAeSw6CRpeQkL/s-l225.jpg
9,https://i.ebayimg.com/images/g/k3YAAeSwgsVpeRrj/s-l225.jpg
7,https://i.ebayimg.com/images/g/YMQAAeSwaQdpeUJH/s-l225.jpg
9,https://i.ebayimg.com/images/g/KPkAAeSwgqhpeUB6/s-l225.jpg
10,https://i.ebayimg.com/images/g/6JEAAeSwcVxpeUZ~/s-l225.jpg
8,https://i.ebayimg.com/images/g/lXUAAeSwYolpeU5V/s-l225.jpg
9,https://i.ebayimg.com/images/g/kGoAAeSw2MppeVHH/s-l225.jpg
10,https://i.ebayimg.com/images/g/gIsAAeSwj9dpeUg-/s-l225.jpg
10,https://i.ebayimg.com/images/g/QYkAAeSwZedpeQYD/s-l225.jpg
10,https://i.ebayimg.com/images/g/9UQAAOSwbJ5oV54Y/s-l225.jpg
10,https://i.ebayimg.com/images/g/yC8AAeSwnedpeSXZ/s-l225.jpg
9,https://i.ebayimg.com/images/g/7CQAAeSwqbtpeUox/s-l225.jpg
10,https://i.ebayimg.com/images/g/TpgAAeSwq49pJhQP/s-l225.jpg
8,https://i.ebayimg.com/images/g/hkMAAeSwdyZpeRWm/s-l225.jpg
10,https://i.ebayimg.com/images/g/SBkAAeSwiwppeQjx/s-l225.jpg
10,https://i.ebayimg.com/images/g/u44AAeSwreJpeSuH/s-l225.jpg
10,https://i.ebayimg.com/images/g/nHAAAeSwDeJpeVAT/s-l225.jpg
10,https://i.ebayimg.com/images/g/RZAAAeSwt4dpeUuJ/s-l225.jpg
9,https://i.ebayimg.com/images/g/W5YAAeSwcD1peRav/s-l225.jpg
10,https://i.ebayimg.com/images/g/90EAAeSwZ0VpeSiF/s-l225.jpg
8,https://i.ebayimg.com/images/g/5NAAAOSwLe1kJeAa/s-l225.jpg
9,https://i.ebayimg.com/images/g/qMMAAeSwfaBpbBz5/s-l225.jpg
10,https://i.ebayimg.com/images/g/3ZEAAeSw3tlpeSmX/s-l225.jpg
9,https://i.ebayimg.com/images/g/klMAAeSwvkVpeUuO/s-l225.jpg
9,https://i.ebayimg.com/images/g/4qkAAeSweCpovkeg/s-l225.jpg
10,https://i.ebayimg.com/images/g/d2gAAeSwufNpeRRU/s-l225.jpg
10,https://i.ebayimg.com/images/g/OuAAAeSwUy9peR9-/s-l225.jpg
10,https://i.ebayimg.com/images/g/d~AAAeSwajtpePN2/s-l225.jpg
5,https://i.ebayimg.com/images/g/MrMAAeSwmgFpeTpY/s-l225.jpg
10,https://i.ebayimg.com/images/g/gKIAAeSwbNxpd752/s-l225.jpg
9,https://i.ebayimg.com/images/g/pbkAAOSwFxBoUu0U/s-l225.jpg
10,https://i.ebayimg.com/images/g/uGYAAeSwLdRpeSJT/s-l225.jpg
10,https://i.ebayimg.com/images/g/MNYAAeSwbNxpeTdE/s-l225.jpg
9,https://i.ebayimg.com/images/g/9HgAAeSw6fFovweM/s-l225.jpg
3,https://i.ebayimg.com/images/g/dmYAAeSwpbBn1dDY/s-l225.jpg
3,https://i.ebayimg.com/images/g/dmYAAeSwpbBn1dDY/s-l225.jpg
9,https://i.ebayimg.com/images/g/S3kAAeSwAYFpeUAJ/s-l225.jpg
9,https://i.ebayimg.com/images/g/WDgAAeSwnudo5BsC/s-l225.jpg
9,https://i.ebayimg.com/images/g/lY4AAeSwXUho5B2S/s-l225.jpg
10,https://i.ebayimg.com/images/g/~ggAAeSwF6JpeSyG/s-l225.jpg
10,https://i.ebayimg.com/images/g/0WYAAeSw-3lpeUrO/s-l225.jpg
9,https://i.ebayimg.com/images/g/WSwAAeSwqJBpeUmT/s-l225.jpg
10,https://i.ebayimg.com/images/g/qAcAAOSwpEtl-6uG/s-l225.jpg
6,https://i.ebayimg.com/images/g/mJMAAeSwW21o~oRV/s-l225.jpg
10,https://i.ebayimg.com/images/g/kTgAAeSwfP9peR7f/s-l225.jpg
9,https://i.ebayimg.com/images/g/iAIAAeSwvh5peUno/s-l225.jpg
9,https://i.ebayimg.com/images/g/4soAAeSw7H5o7UFc/s-l225.jpg
9,https://i.ebayimg.com/images/g/BIYAAeSwavdo6olq/s-l225.jpg
8,https://i.ebayimg.com/images/g/ZFEAAeSw4V9o9oTA/s-l225.jpg
8,https://i.ebayimg.com/images/g/1F4AAOSwcFxoJQf1/s-l225.jpg
10,https://i.ebayimg.com/images/g/qX8AAeSwIipoTBTr/s-l225.jpg
10,https://i.ebayimg.com/images/g/OuAAAeSwUy9peR9-/s-l225.jpg
10,https://i.ebayimg.com/images/g/xEYAAeSw~cFpeR3z/s-l225.jpg
9,https://i.ebayimg.com/images/g/OowAAOSw4L9nbQk4/s-l225.jpg
8,https://i.ebayimg.com/images/g/5NAAAOSwLe1kJeAa/s-l225.jpg
10,https://i.ebayimg.com/images/g/NagAAeSwpaNpeUI7/s-l225.jpg
5,https://i.ebayimg.com/images/g/8AoAAeSwajtpeQNg/s-l225.jpg
5,https://i.ebayimg.com/images/g/XcoAAeSwBD9pcHw-/s-l225.jpg
9,https://i.ebayimg.com/images/g/26gAAeSwXZFpeSR~/s-l225.jpg
9,https://i.ebayimg.com/images/g/LZUAAOSwHU1mt8gG/s-l225.jpg
10,https://i.ebayimg.com/images/g/YnQAAeSwg~hpeU22/s-l225.jpg
8,https://i.ebayimg.com/images/g/v~YAAOSwUZNlG5N-/s-l225.jpg
10,https://i.ebayimg.com/images/g/Td8AAeSwZ3VoRo-v/s-l225.jpg
10,https://i.ebayimg.com/images/g/NbwAAeSw6YtpeTpB/s-l225.jpg
8,https://i.ebayimg.com/images/g/EnsAAeSwmgJpeS0G/s-l225.jpg
8,https://i.ebayimg.com/images/g/61sAAeSwAf5ogkWx/s-l225.jpg
9,https://i.ebayimg.com/images/g/egoAAeSweD5ovwJ-/s-l225.jpg
10,https://i.ebayimg.com/images/g/S1sAAeSwAnpomkPz/s-l225.jpg
10,https://i.ebayimg.com/images/g/rTgAAeSwQcVpeVDo/s-l225.jpg
10,https://i.ebayimg.com/images/g/5~YAAeSw61BpeQNw/s-l225.jpg
9,https://i.ebayimg.com/images/g/7-gAAeSwwdZpeTcL/s-l225.jpg
9,https://i.ebayimg.com/images/g/4OQAAeSwmF5peSVF/s-l225.jpg
6,https://i.ebayimg.com/images/g/Ov8AAeSwYIZpeUOt/s-l225.jpg
9,https://i.ebayimg.com/images/g/m-8AAeSw61JpWwX~/s-l225.jpg
9,https://i.ebayimg.com/images/g/BIsAAeSwevBpePnO/s-l225.jpg
10,https://i.ebayimg.com/images/g/KQgAAeSw1iVpeTab/s-l225.jpg
10,https://i.ebayimg.com/images/g/yQgAAeSwqJBpeSx1/s-l225.jpg
9,https://i.ebayimg.com/images/g/HGgAAOSw4NBmKqLV/s-l225.jpg
10,https://i.ebayimg.com/images/g/Ps0AAeSwhf5peUWv/s-l225.jpg
10,https://i.ebayimg.com/images/g/Q1UAAeSweW9peTn8/s-l225.jpg
9,https://i.ebayimg.com/images/g/lKgAAeSwXAJpePh-/s-l225.jpg
10,https://i.ebayimg.com/images/g/SaEAAeSw00hpeQY0/s-l225.jpg
10,https://i.ebayimg.com/images/g/jkAAAeSwy7FpePMH/s-l225.jpg
9,https://i.ebayimg.com/images/g/m2cAAeSwCfFpeVKa/s-l225.jpg
9,https://i.ebayimg.com/images/g/-JoAAeSwfxlpeS1U/s-l225.jpg
8,https://i.ebayimg.com/images/g/DfgAAeSwWfVogsEj/s-l225.jpg
10,https://i.ebayimg.com/images/g/vLgAAOSwU9RnpXmy/s-l225.jpg
10,https://i.ebayimg.com/images/g/lPEAAeSwtJJpeRb7/s-l225.jpg
10,https://i.ebayimg.com/images/g/R2MAAeSw8qBpWIS9/s-l225.jpg
10,https://i.ebayimg.com/images/g/EIYAAeSwcGNpeTBB/s-l225.jpg
9,https://i.ebayimg.com/images/g/VPwAAeSwQAVpeTzZ/s-l225.jpg
9,https://i.ebayimg.com/images/g/sXYAAeSwZedpdlae/s-l225.jpg
7,https://i.ebayimg.com/images/g/8MYAAeSwemNpeTgU/s-l225.jpg
9,https://i.ebayimg.com/images/g/2uYAAeSwPHZpeVLy/s-l225.jpg
9,https://i.ebayimg.com/images/g/mqkAAeSwAfRpeRZS/s-l225.jpg
10,https://i.ebayimg.com/images/g/lWAAAeSwzFhpeU43/s-l225.jpg
9,https://i.ebayimg.com/images/g/IGgAAeSwPu1peTkL/s-l225.jpg
10,https://i.ebayimg.com/images/g/FqsAAeSw6CRpc28L/s-l225.jpg
10,https://i.ebayimg.com/images/g/-JsAAeSwdxpn4Dvi/s-l225.jpg
10,https://i.ebayimg.com/images/g/~qwAAeSw8s9peT8m/s-l225.jpg
5,https://i.ebayimg.com/images/g/MUoAAeSwaQdpeTiT/s-l225.jpg
10,https://i.ebayimg.com/images/g/bjUAAeSwyOJpeU9g/s-l225.jpg
9,https://i.ebayimg.com/images/g/RQcAAeSwc51peUfN/s-l225.jpg
9,https://i.ebayimg.com/images/g/LtsAAeSwYolpeTlc/s-l225.jpg
10,https://i.ebayimg.com/images/g/nEEAAeSwdyZpeRoT/s-l225.jpg
10,https://i.ebayimg.com/images/g/22MAAeSw65tpZnpS/s-l225.jpg
10,https://i.ebayimg.com/images/g/ZHwAAeSwl2NpeTNG/s-l225.jpg
9,https://i.ebayimg.com/images/g/3HAAAeSwyKpo3ZYw/s-l225.jpg
5,https://i.ebayimg.com/images/g/f0MAAeSwZxJo7WYH/s-l225.jpg
9,https://i.ebayimg.com/images/g/C7sAAeSwK3lo7Ulc/s-l225.jpg
9,https://i.ebayimg.com/images/g/1B0AAeSws2Fo7Wxq/s-l225.jpg
8,https://i.ebayimg.com/images/g/I7wAAeSwEMJo~8qd/s-l225.jpg
9,https://i.ebayimg.com/images/g/AE8AAeSwYAVpeS0K/s-l225.jpg
10,https://i.ebayimg.com/images/g/UlAAAeSwiLRpeRQO/s-l225.jpg
9,https://i.ebayimg.com/images/g/LtsAAeSwYolpeTlc/s-l225.jpg
7,https://i.ebayimg.com/images/g/p6EAAOSwGg1oVjWY/s-l225.jpg
9,https://i.ebayimg.com/images/g/UYsAAeSwt4dpeRd5/s-l225.jpg
9,https://i.ebayimg.com/images/g/Lh4AAeSwiPtpeQNr/s-l225.jpg
9,https://i.ebayimg.com/images/g/-SkAAeSwKJ5o6AM1/s-l225.jpg
9,https://i.ebayimg.com/images/g/MSwAAeSwEp1pcrpZ/s-l225.jpg
10,https://i.ebayimg.com/images/g/Lk8AAeSwrwdo9ueB/s-l225.jpg
10,https://i.ebayimg.com/images/g/4SsAAeSwtJJpeSdA/s-l225.jpg
10,https://i.ebayimg.com/images/g/TpgAAeSwq49pJhQP/s-l225.jpg
8,https://i.ebayimg.com/images/g/pz8AAeSwD7JpeU-T/s-l225.jpg
10,https://i.ebayimg.com/images/g/47AAAeSwC7lpeSqm/s-l225.jpg
10,https://i.ebayimg.com/images/g/OZEAAeSwH1BpeRdg/s-l225.jpg
9,https://i.ebayimg.com/images/g/C5MAAeSwyqhpeTzh/s-l225.jpg
10,https://i.ebayimg.com/images/g/dO8AAeSwvOBpeO9L/s-l225.jpg
10,https://i.ebayimg.com/images/g/iCkAAeSwQ6JpeU5N/s-l225.jpg
10,https://i.ebayimg.com/images/g/uhgAAeSwmpNpeR25/s-l225.jpg
9,https://i.ebayimg.com/images/g/534AAeSw0dlpeSi1/s-l225.jpg
9,https://i.ebayimg.com/images/g/fukAAeSwrj9peOfc/s-l225.jpg
9,https://i.ebayimg.com/images/g/65gAAeSwWzlovxs9/s-l225.jpg
10,https://i.ebayimg.com/images/g/iM4AAeSwGcNpeUv~/s-l225.jpg
10,https://i.ebayimg.com/images/g/mj0AAeSwC3ZpcuKa/s-l225.jpg
10,https://i.ebayimg.com/images/g/BAYAAeSwF6JpeS4K/s-l225.jpg
8,https://i.ebayimg.com/images/g/SbQAAeSwKGlpeRPK/s-l225.jpg
10,https://i.ebayimg.com/images/g/px8AAeSwZedpeRlx/s-l225.jpg
10,https://i.ebayimg.com/images/g/JGQAAeSw8VdpeTOH/s-l225.jpg
10,https://i.ebayimg.com/images/g/fywAAeSw2AdpeVJ8/s-l225.jpg
10,https://i.ebayimg.com/images/g/19UAAeSw-3lpeUyx/s-l225.jpg
7,https://i.ebayimg.com/images/g/R98AAeSw9ehpeIDZ/s-l225.jpg
9,https://i.ebayimg.com/images/g/JhwAAeSw9aBpeTHi/s-l225.jpg
9,https://i.ebayimg.com/images/g/BF8AAeSw--VpeOYi/s-l225.jpg
9,https://i.ebayimg.com/images/g/fgcAAeSwszlpeUXr/s-l225.jpg
10,https://i.ebayimg.com/images/g/wvcAAeSwMYJpeR25/s-l225.jpg
6,https://i.ebayimg.com/images/g/PJ4AAeSw9ehpeTuH/s-l225.jpg
10,https://i.ebayimg.com/images/g/pewAAeSwnBxpeSZI/s-l225.jpg
10,https://i.ebayimg.com/images/g/okkAAeSwLQ9peU5F/s-l225.jpg
9,https://i.ebayimg.com/images/g/vvkAAeSwi8ZpcU5t/s-l225.jpg
10,https://i.ebayimg.com/images/g/ZH0AAeSwV2dpeVK9/s-l225.jpg
9,https://i.ebayimg.com/images/g/DnoAAeSwYolpeTKR/s-l225.jpg
10,https://i.ebayimg.com/images/g/a9IAAeSwu2RpeOSS/s-l225.jpg
9,https://i.ebayimg.com/images/g/uy0AAeSwmnlpePye/s-l225.jpg
8,https://i.ebayimg.com/images/g/Bg0AAOSw75RnhdZf/s-l225.jpg
10,https://i.ebayimg.com/images/g/rYQAAeSwtA9pbb-X/s-l225.jpg
7,https://i.ebayimg.com/images/g/SVoAAeSwmhtpeTul/s-l225.jpg
10,https://i.ebayimg.com/images/g/1-YAAeSwKuFpeTNt/s-l225.jpg
10,https://i.ebayimg.com/images/g/WfoAAeSwd0tpDR6m/s-l225.jpg
10,https://i.ebayimg.com/images/g/pDgAAeSwOv5peRca/s-l225.jpg
9,https://i.ebayimg.com/images/g/DZgAAeSwEdBpYRBB/s-l225.jpg
7,https://i.ebayimg.com/images/g/4pgAAOSw62hk1sT6/s-l225.jpg
10,https://i.ebayimg.com/images/g/CbQAAeSwl3ppZK~P/s-l225.jpg
9,https://i.ebayimg.com/images/g/1sAAAeSwjs1peSbg/s-l225.jpg
7,https://i.ebayimg.com/images/g/mF4AAeSwmpNpeU9S/s-l225.jpg
10,https://i.ebayimg.com/images/g/IXsAAeSwEfZpeNSo/s-l225.jpg
9,https://i.ebayimg.com/images/g/icEAAeSwt5FpeU9~/s-l225.jpg
10,https://i.ebayimg.com/images/g/LoEAAOSwOFJoMSpS/s-l225.jpg
9,https://i.ebayimg.com/images/g/aRYAAeSwgqhpeU3z/s-l225.jpg
10,https://i.ebayimg.com/images/g/Em4AAeSwW4NpeQNC/s-l225.jpg
8,https://i.ebayimg.com/images/g/ovIAAeSwPF9o9oVF/s-l225.jpg
8,https://i.ebayimg.com/images/g/zAMAAeSw1d1o9nkC/s-l225.jpg
9,https://i.ebayimg.com/images/g/nm0AAOSwEZFn3K8T/s-l225.jpg
5,https://i.ebayimg.com/images/g/f0MAAeSwZxJo7WYH/s-l225.jpg
10,https://i.ebayimg.com/images/g/S5sAAeSwnedpeUD4/s-l225.jpg
10,https://i.ebayimg.com/images/g/nP4AAeSwKuFpeSWw/s-l225.jpg
10,https://i.ebayimg.com/images/g/ZaQAAeSwQcVpd4vz/s-l225.jpg
9,https://i.ebayimg.com/images/g/pzQAAeSwsaZpeRZQ/s-l225.jpg
7,https://i.ebayimg.com/images/g/PaUAAeSw9zdo7TWm/s-l225.jpg
9,https://i.ebayimg.com/images/g/iW0AAeSwdbdo-mOG/s-l225.jpg
8,https://i.ebayimg.com/images/g/nQ4AAeSwNn5o9oqd/s-l225.jpg
9,https://i.ebayimg.com/images/g/u-UAAeSwD3ZpeSni/s-l225.jpg
10,https://i.ebayimg.com/images/g/IG4AAeSwLdRpeTkI/s-l225.jpg
3,https://i.ebayimg.com/images/g/XhsAAeSwKuFpeRcd/s-l225.jpg
9,https://i.ebayimg.com/images/g/4O8AAeSwwpVpeUSv/s-l225.jpg
10,https://i.ebayimg.com/images/g/P6AAAOSwWLhoPcT~/s-l225.jpg
9,https://i.ebayimg.com/images/g/QeQAAeSw-glpZxCK/s-l225.jpg
9,https://i.ebayimg.com/images/g/NeoAAeSwUUZpeUZk/s-l225.jpg
8,https://i.ebayimg.com/images/g/0NQAAeSwBVlotfau/s-l225.jpg
9,https://i.ebayimg.com/images/g/VYcAAOSwJPBhqJod/s-l225.jpg
10,https://i.ebayimg.com/images/g/IYsAAeSwegJpeNXv/s-l225.jpg
10,https://i.ebayimg.com/images/g/MAIAAeSw1u1peTcu/s-l225.jpg
9,https://i.ebayimg.com/images/g/tdsAAeSweW9peVO2/s-l225.jpg
10,https://i.ebayimg.com/images/g/0yQAAeSw9OlpNkH6/s-l225.jpg
9,https://i.ebayimg.com/images/g/L~cAAeSwurZpcH9f/s-l225.jpg
10,https://i.ebayimg.com/images/g/vo8AAeSwyNdpB9f4/s-l225.jpg
10,https://i.ebayimg.com/images/g/i98AAeSw7GZpah1C/s-l225.jpg
9,https://i.ebayimg.com/images/g/vhsAAeSwwsNpeTIn/s-l225.jpg
7,https://i.ebayimg.com/images/g/SVoAAeSwmhtpeTul/s-l225.jpg
10,https://i.ebayimg.com/images/g/pwYAAeSwOv5peRfG/s-l225.jpg
10,https://i.ebayimg.com/images/g/fsgAAeSwSYlpeUic/s-l225.jpg
10,https://i.ebayimg.com/images/g/q~wAAeSwGglpKLRy/s-l225.jpg
8,https://i.ebayimg.com/images/g/~0cAAeSwGjBpeTn5/s-l225.jpg
9,https://i.ebayimg.com/images/g/PscAAeSwXflpeOY2/s-l225.jpg
8,https://i.ebayimg.com/images/g/obEAAeSwE0xpeU8N/s-l225.jpg
10,https://i.ebayimg.com/images/g/dFAAAeSw-ghpeRUP/s-l225.jpg
10,https://i.ebayimg.com/images/g/7l0AAeSwH-1peSWh/s-l225.jpg
6,https://i.ebayimg.com/images/g/9XMAAeSwufNpeS82/s-l225.jpg
9,https://i.ebayimg.com/images/g/vTEAAeSwgqhpeSpD/s-l225.jpg
7,https://i.ebayimg.com/images/g/aFEAAeSw5M9peSHY/s-l225.jpg
10,https://i.ebayimg.com/images/g/WZoAAeSw8UdpeQr9/s-l225.jpg
10,https://i.ebayimg.com/images/g/4sgAAeSw5M9peOcA/s-l225.jpg
6,https://i.ebayimg.com/images/g/3pwAAeSwANVpeSJk/s-l225.jpg
9,https://i.ebayimg.com/images/g/7~0AAeSwpklpSU73/s-l225.jpg
7,https://i.ebayimg.com/images/g/BLEAAeSw1cFpeHKw/s-l225.jpg
9,https://i.ebayimg.com/images/g/wBIAAeSwZpxpdljP/s-l225.jpg
8,https://i.ebayimg.com/images/g/fpMAAeSwrj9peUuK/s-l225.jpg
10,https://i.ebayimg.com/images/g/1U0AAeSwo-RpeSgA/s-l225.jpg
7,https://i.ebayimg.com/images/g/KAoAAeSwu2RpeTZg/s-l225.jpg
8,https://i.ebayimg.com/images/g/2QwAAeSw3i5pBVRc/s-l225.jpg
9,https://i.ebayimg.com/images/g/NyEAAeSwJHxpeTjh/s-l225.jpg
9,https://i.ebayimg.com/images/g/V-gAAeSwI59pcwIZ/s-l225.jpg
9,https://i.ebayimg.com/images/g/jQ0AAeSwb9Fpd6s3/s-l225.jpg
10,https://i.ebayimg.com/images/g/oegAAeSwKvBpeVJK/s-l225.jpg
10,https://i.ebayimg.com/images/g/1~EAAeSw0d5oTRnv/s-l225.jpg
8,https://i.ebayimg.com/images/g/USsAAeSwg3BohQFT/s-l225.jpg
9,https://i.ebayimg.com/images/g/lccAAeSwymlo-nFp/s-l225.jpg
9,https://i.ebayimg.com/images/g/lccAAeSwymlo-nFp/s-l225.jpg
10,https://i.ebayimg.com/images/g/rDwAAeSw0y9peRYQ/s-l225.jpg
8,https://i.ebayimg.com/images/g/dv0AAeSwqTRpeUFX/s-l225.jpg
10,https://i.ebayimg.com/images/g/ZLEAAeSwmZNpeOw3/s-l225.jpg
4,https://i.ebayimg.com/images/g/nmwAAeSwel1pZtsN/s-l225.jpg
6,https://i.ebayimg.com/images/g/1fkAAOSwGKBmvJfB/s-l225.jpg
10,https://i.ebayimg.com/images/g/VK0AAeSw~GZpUEf6/s-l225.jpg
8,https://i.ebayimg.com/images/g/li0AAeSw14Bo9nF-/s-l225.jpg
10,https://i.ebayimg.com/images/g/9cQAAeSwtwVpCSVk/s-l225.jpg
10,https://i.ebayimg.com/images/g/V8UAAeSwDXtpeUFy/s-l225.jpg
9,https://i.ebayimg.com/images/g/t8sAAeSwmGNpeOZ8/s-l225.jpg
10,https://i.ebayimg.com/images/g/x8QAAeSwTXVo60zV/s-l225.jpg
4,https://i.ebayimg.com/images/g/28EAAeSw9Z5peSkQ/s-l225.jpg
10,https://i.ebayimg.com/images/g/iz4AAeSwgqhpeR60/s-l225.jpg
10,https://i.ebayimg.com/images/g/tz0AAeSwhf5peSpE/s-l225.jpg
9,https://i.ebayimg.com/images/g/070AAeSwAeto7UVW/s-l225.jpg
10,https://i.ebayimg.com/images/g/fj8AAeSwVDpn56bf/s-l225.jpg
9,https://i.ebayimg.com/images/g/nmsAAOSw76xi0NHI/s-l225.jpg
10,https://i.ebayimg.com/images/g/PxgAAeSw7dNpeTuI/s-l225.jpg
10,https://i.ebayimg.com/images/g/58QAAeSw2MppeS7R/s-l225.jpg
7,https://i.ebayimg.com/images/g/gHYAAeSwlQFpeUT9/s-l225.jpg
10,https://i.ebayimg.com/images/g/NPQAAeSwlRNpeTuD/s-l225.jpg
10,https://i.ebayimg.com/images/g/H80AAeSwel1pbEY6/s-l225.jpg
10,https://i.ebayimg.com/images/g/pBkAAeSwf9lo4RNb/s-l225.jpg
10,https://i.ebayimg.com/images/g/EUkAAeSw8nNpeOTB/s-l225.jpg
8,https://i.ebayimg.com/images/g/iqwAAeSwo59peUXo/s-l225.jpg
10,https://i.ebayimg.com/images/g/PNsAAeSw0l9peT5~/s-l225.jpg
4,https://i.ebayimg.com/images/g/GK8AAeSwea1peQaH/s-l225.jpg
9,https://i.ebayimg.com/images/g/dDMAAeSwVvNpeUYu/s-l225.jpg
6,https://i.ebayimg.com/images/g/bxMAAeSwcEtpOhmL/s-l225.jpg
9,https://i.ebayimg.com/images/g/8WIAAeSw-6BpcM7h/s-l225.jpg
8,https://i.ebayimg.com/images/g/o2MAAeSwP-VpeVBS/s-l225.jpg
10,https://i.ebayimg.com/images/g/OWwAAeSw9wVpZezJ/s-l225.jpg
9,https://i.ebayimg.com/images/g/OpgAAeSwQcVpeTdw/s-l225.jpg
4,https://i.ebayimg.com/images/g/RawAAeSw0clpeUC0/s-l225.jpg
9,https://i.ebayimg.com/images/g/jVYAAOSwzyVlU8mO/s-l225.jpg
9,https://i.ebayimg.com/images/g/MlEAAeSwU~Bpdcxz/s-l225.jpg
9,https://i.ebayimg.com/images/g/vrIAAeSwW4NpeSIF/s-l225.jpg
9,https://i.ebayimg.com/images/g/ZQAAAeSwy7FpeOxM/s-l225.jpg
9,https://i.ebayimg.com/images/g/nM0AAeSwku5peSmi/s-l225.jpg
10,https://i.ebayimg.com/images/g/HPEAAeSwO0RpeR40/s-l225.jpg
8,https://i.ebayimg.com/images/g/RaYAAeSwV81peTzr/s-l225.jpg
10,https://i.ebayimg.com/images/g/MsQAAeSwDrZpeS8C/s-l225.jpg
9,https://i.ebayimg.com/images/g/9lEAAeSwajtpd7ut/s-l225.jpg
10,https://i.ebayimg.com/images/g/bcUAAeSwIidpeRov/s-l225.jpg
10,https://i.ebayimg.com/images/g/Wp4AAeSwmNdpeULA/s-l225.jpg
9,https://i.ebayimg.com/images/g/UP4AAeSwodJpeUBF/s-l225.jpg
10,https://i.ebayimg.com/images/g/mVYAAeSwCfFpeVH6/s-l225.jpg
10,https://i.ebayimg.com/images/g/QqIAAeSwmhtpeQNr/s-l225.jpg
10,https://i.ebayimg.com/images/g/7OUAAeSw2AdpeQMz/s-l225.jpg
10,https://i.ebayimg.com/images/g/i3gAAeSwWxBpeOhG/s-l225.jpg
10,https://i.ebayimg.com/images/g/MwUAAeSwsaZpeTen/s-l225.jpg
10,https://i.ebayimg.com/images/g/BWMAAeSwqxhpeS7j/s-l225.jpg
7,https://i.ebayimg.com/images/g/5gIAAeSwxbxpeVCv/s-l225.jpg
9,https://i.ebayimg.com/images/g/ql8AAeSwV~5peMwY/s-l225.jpg
10,https://i.ebayimg.com/images/g/L0QAAeSwDslpeULr/s-l225.jpg
10,https://i.ebayimg.com/images/g/ibIAAeSw431peUv5/s-l225.jpg
10,https://i.ebayimg.com/images/g/Ao4AAeSwKGlpeTwt/s-l225.jpg
10,https://i.ebayimg.com/images/g/jQEAAeSwSTlpN8nm/s-l225.jpg
9,https://i.ebayimg.com/images/g/gJcAAeSwKJ5o5Bo~/s-l225.jpg
9,https://i.ebayimg.com/images/g/XLEAAeSwFoZo7VqO/s-l225.jpg
10,https://i.ebayimg.com/images/g/L0QAAeSwDslpeULr/s-l225.jpg
10,https://i.ebayimg.com/images/g/ibIAAeSw431peUv5/s-l225.jpg
10,https://i.ebayimg.com/images/g/Ao4AAeSwKGlpeTwt/s-l225.jpg
10,https://i.ebayimg.com/images/g/SNEAAeSwmgJpeTiX/s-l225.jpg
10,https://i.ebayimg.com/images/g/A7oAAeSwgqhpeTnE/s-l225.jpg
8,https://i.ebayimg.com/images/g/T0IAAeSwx1pohQME/s-l225.jpg
6,https://i.ebayimg.com/images/g/HzwAAeSw8SFpeTev/s-l225.jpg
10,https://i.ebayimg.com/images/g/8Q4AAeSwz5JpeNnT/s-l225.jpg
9,https://i.ebayimg.com/images/g/7kwAAeSwTpdpeP6O/s-l225.jpg
8,https://i.ebayimg.com/images/g/zZ4AAeSwCfFpdlyS/s-l225.jpg
10,https://i.ebayimg.com/images/g/2VgAAeSw3tlpeSii/s-l225.jpg
10,https://i.ebayimg.com/images/g/830AAeSwO01peUDv/s-l225.jpg
8,https://i.ebayimg.com/images/g/~WAAAeSwaxtpQiGR/s-l225.jpg
9,https://i.ebayimg.com/images/g/Xg8AAeSwn41o-mfU/s-l225.jpg
9,https://i.ebayimg.com/images/g/IuwAAeSwrXFo5Dq7/s-l225.jpg
8,https://i.ebayimg.com/images/g/JA0AAeSwUBJpeOLA/s-l225.jpg
10,https://i.ebayimg.com/images/g/AwQAAeSw0dlpeS9l/s-l225.jpg
9,https://i.ebayimg.com/images/g/8s8AAeSwANVpeScG/s-l225.jpg
10,https://i.ebayimg.com/images/g/5hAAAeSwDSxpeTW~/s-l225.jpg
9,https://i.ebayimg.com/images/g/M7QAAeSwqgdo-nny/s-l225.jpg
8,https://i.ebayimg.com/images/g/91cAAeSw13lpbXuh/s-l225.jpg
10,https://i.ebayimg.com/images/g/CFwAAeSwt4dpeQu0/s-l225.jpg
9,https://i.ebayimg.com/images/g/KHsAAeSwlRNpeTkn/s-l225.jpg
10,https://i.ebayimg.com/images/g/h30AAeSwzXFpeToi/s-l225.jpg
10,https://i.ebayimg.com/images/g/rw4AAeSwI59peRhS/s-l225.jpg
9,https://i.ebayimg.com/images/g/td4AAeSw7dNpdldi/s-l225.jpg
10,https://i.ebayimg.com/images/g/SpUAAeSwEdZpeTyu/s-l225.jpg
10,https://i.ebayimg.com/images/g/uxUAAeSwYAVpeRzd/s-l225.jpg
10,https://i.ebayimg.com/images/g/LP4AAeSwnR9peTUp/s-l225.jpg
5,https://i.ebayimg.com/images/g/s0cAAeSwpAppeRst/s-l225.jpg
10,https://i.ebayimg.com/images/g/MycAAeSwwwtpeMRy/s-l225.jpg
9,https://i.ebayimg.com/images/g/wNMAAeSwoRFpePPT/s-l225.jpg
10,https://i.ebayimg.com/images/g/kU4AAeSwARhpcrQY/s-l225.jpg
7,https://i.ebayimg.com/images/g/rNkAAeSw~JVpeS6y/s-l225.jpg
10,https://i.ebayimg.com/images/g/qcoAAeSwH35peOzO/s-l225.jpg
10,https://i.ebayimg.com/images/g/It0AAeSwH5FpeTZ9/s-l225.jpg
10,https://i.ebayimg.com/images/g/6JQAAeSw7QJpeSc~/s-l225.jpg
9,https://i.ebayimg.com/images/g/05UAAeSw7clpeSCO/s-l225.jpg
8,https://i.ebayimg.com/images/g/wpIAAeSwPE9pd63J/s-l225.jpg
10,https://i.ebayimg.com/images/g/iZsAAOSwQg9oMR42/s-l225.jpg
9,https://i.ebayimg.com/images/g/QHQAAeSwXUppeQT0/s-l225.jpg
10,https://i.ebayimg.com/images/g/KCwAAeSw6YtpeTed/s-l225.jpg
9,https://i.ebayimg.com/images/g/7T0AAeSwYippeSlD/s-l225.jpg
10,https://i.ebayimg.com/images/g/2NkAAeSw-vppeShW/s-l225.jpg
10,https://i.ebayimg.com/images/g/B5kAAOSwWhJnibkd/s-l225.jpg
5,https://i.ebayimg.com/images/g/EJwAAeSw0clpeQTP/s-l225.jpg
10,https://i.ebayimg.com/images/g/rZYAAeSwV-looFhA/s-l225.jpg
9,https://i.ebayimg.com/images/g/U94AAeSw1DppF~pT/s-l225.jpg
6,https://i.ebayimg.com/images/g/1ukAAeSwZUppc~mU/s-l225.jpg
10,https://i.ebayimg.com/images/g/mQcAAeSwsPVpdhPf/s-l225.jpg
7,https://i.ebayimg.com/images/g/IvoAAeSwFLVpeOd9/s-l225.jpg
9,https://i.ebayimg.com/images/g/4joAAeSwPu1pdmBT/s-l225.jpg
10,https://i.ebayimg.com/images/g/M7gAAeSwLwhpeTlZ/s-l225.jpg
9,https://i.ebayimg.com/images/g/B-UAAeSwLrZpeTAt/s-l225.jpg
8,https://i.ebayimg.com/images/g/F80AAeSwj6NpeQWf/s-l225.jpg
8,https://i.ebayimg.com/images/g/qYkAAeSwqPlo9qXy/s-l225.jpg
9,https://i.ebayimg.com/images/g/rrcAAeSw4edo6Aq~/s-l225.jpg
10,https://i.ebayimg.com/images/g/rHUAAeSwalhpeSBO/s-l225.jpg
8,https://i.ebayimg.com/images/g/TKsAAeSwik1ok9IW/s-l225.jpg
10,https://i.ebayimg.com/images/g/Y-QAAeSwdyZpeUM-/s-l225.jpg
7,https://i.ebayimg.com/images/g/DPwAAeSwqjNotbxg/s-l225.jpg
10,https://i.ebayimg.com/images/g/qSoAAeSwGcNpeR0E/s-l225.jpg
10,https://i.ebayimg.com/images/g/H80AAeSwel1pbEY6/s-l225.jpg
10,https://i.ebayimg.com/images/g/TMEAAeSwO8ZpeTd7/s-l225.jpg
10,https://i.ebayimg.com/images/g/1CsAAeSwLi5orRFe/s-l225.jpg
9,https://i.ebayimg.com/images/g/aEIAAeSwyZ9peUFg/s-l225.jpg
10,https://i.ebayimg.com/images/g/e7AAAeSwP-VpeMj-/s-l225.jpg
8,https://i.ebayimg.com/images/g/uCQAAeSwPQ1o9n4l/s-l225.jpg
10,https://i.ebayimg.com/images/g/SH4AAeSwrxVpL-im/s-l225.jpg
5,https://i.ebayimg.com/images/g/bQsAAeSwvcFpeQoL/s-l225.jpg
10,https://i.ebayimg.com/images/g/-hAAAeSwmF5peSsG/s-l225.jpg
9,https://i.ebayimg.com/images/g/B-UAAeSwLrZpeTAt/s-l225.jpg
9,https://i.ebayimg.com/images/g/OQIAAeSwWQFpeRGC/s-l225.jpg
10,https://i.ebayimg.com/images/g/IP8AAeSwwiBpeTdY/s-l225.jpg
9,https://i.ebayimg.com/images/g/JyEAAeSwl2NpeSU8/s-l225.jpg
10,https://i.ebayimg.com/images/g/NysAAeSwyztpeRnx/s-l225.jpg
9,https://i.ebayimg.com/images/g/LjgAAeSwdLppEjYH/s-l225.jpg
8,https://i.ebayimg.com/images/g/vzYAAeSwxdZo9oiy/s-l225.jpg
10,https://i.ebayimg.com/images/g/HzAAAOSwo6doGAkU/s-l225.jpg
9,https://i.ebayimg.com/images/g/tmUAAeSwYchpYaJM/s-l225.jpg
10,https://i.ebayimg.com/images/g/rUIAAeSwruJn56b5/s-l225.jpg
8,https://i.ebayimg.com/images/g/ObMAAeSwOv5peQM6/s-l225.jpg
8,https://i.ebayimg.com/images/g/ALkAAeSwOt5peQLZ/s-l225.jpg
10,https://i.ebayimg.com/images/g/DLMAAeSwOtdpeLAD/s-l225.jpg
10,https://i.ebayimg.com/images/g/~iAAAeSwEb5peTrJ/s-l225.jpg
10,https://i.ebayimg.com/images/g/mgsAAeSwSYlpeU-V/s-l225.jpg
8,https://i.ebayimg.com/images/g/Z7wAAeSwO8ZpeTxM/s-l225.jpg
8,https://i.ebayimg.com/images/g/qzoAAeSwalhpePbm/s-l225.jpg
9,https://i.ebayimg.com/images/g/mqgAAeSwqwppXc5r/s-l225.jpg
10,https://i.ebayimg.com/images/g/X2cAAeSw9nlpeTnK/s-l225.jpg
9,https://i.ebayimg.com/images/g/I5sAAeSwKuFpeQyh/s-l225.jpg
10,https://i.ebayimg.com/images/g/mZoAAeSwGcNpeRm7/s-l225.jpg
4,https://i.ebayimg.com/images/g/fOUAAeSwo-RpeUsy/s-l225.jpg
9,https://i.ebayimg.com/images/g/-rAAAeSwx5lpeS4m/s-l225.jpg
9,https://i.ebayimg.com/images/g/HBsAAeSwsaZpeTKJ/s-l225.jpg
9,https://i.ebayimg.com/images/g/l50AAeSwUOJpeSPT/s-l225.jpg
10,https://i.ebayimg.com/images/g/9ogAAeSwhwxpeShQ/s-l225.jpg
9,https://i.ebayimg.com/images/g/YqwAAeSwsfJpeUAU/s-l225.jpg
10,https://i.ebayimg.com/images/g/SBwAAeSw8gJpeTqd/s-l225.jpg
4,https://i.ebayimg.com/images/g/NdYAAeSwws1peQSD/s-l225.jpg
10,https://i.ebayimg.com/images/g/7uIAAeSwmexpbxtY/s-l225.jpg
10,https://i.ebayimg.com/images/g/8bMAAeSw7WtpeTA6/s-l225.jpg
8,https://i.ebayimg.com/images/g/oGMAAeSw9TtpePhP/s-l225.jpg
9,https://i.ebayimg.com/images/g/6vwAAeSw0l9peP9m/s-l225.jpg
4,https://i.ebayimg.com/images/g/-JIAAeSwI05oskli/s-l225.jpg
4,https://i.ebayimg.com/images/g/-JIAAeSwI05oskli/s-l225.jpg
8,https://i.ebayimg.com/images/g/ar8AAOSwNU5oJQaa/s-l225.jpg
10,https://i.ebayimg.com/images/g/NhsAAeSwQZZpXFy2/s-l225.jpg
10,https://i.ebayimg.com/images/g/xQUAAeSw6flpHET7/s-l225.jpg
10,https://i.ebayimg.com/images/g/V7QAAeSww7ZpcBmx/s-l225.jpg
9,https://i.ebayimg.com/images/g/CFcAAeSwZUppdmOW/s-l225.jpg
8,https://i.ebayimg.com/images/g/DbgAAeSwg~hpeTy6/s-l225.jpg
10,https://i.ebayimg.com/images/g/zWQAAeSwvh5peR~v/s-l225.jpg
9,https://i.ebayimg.com/images/g/GkoAAeSwZappZXwc/s-l225.jpg
9,https://i.ebayimg.com/images/g/XZ8AAeSwzLJovvvp/s-l225.jpg
8,https://i.ebayimg.com/images/g/-1AAAeSw7PJogR42/s-l225.jpg
8,https://i.ebayimg.com/images/g/IGIAAeSwCh5ocrhc/s-l225.jpg
10,https://i.ebayimg.com/images/g/7vYAAeSwnM1pePaw/s-l225.jpg
10,https://i.ebayimg.com/images/g/Fa8AAeSwModoanFk/s-l225.jpg
10,https://i.ebayimg.com/images/g/UsAAAeSw5B9pdpdM/s-l225.jpg
10,https://i.ebayimg.com/images/g/t70AAeSwDWVob9bv/s-l225.jpg
6,https://i.ebayimg.com/images/g/XPoAAeSwszlpdrg7/s-l225.jpg
10,https://i.ebayimg.com/images/g/A7EAAeSwQzNpOmV8/s-l225.jpg
10,https://i.ebayimg.com/images/g/9ogAAeSwhwxpeShQ/s-l225.jpg
10,https://i.ebayimg.com/images/g/KKsAAeSwmHdpeMGs/s-l225.jpg
9,https://i.ebayimg.com/images/g/mvIAAeSwzXJogRZu/s-l225.jpg
9,https://i.ebayimg.com/images/g/pVgAAeSwaQdpeVJG/s-l225.jpg
9,https://i.ebayimg.com/images/g/OJkAAeSwegJpeTiS/s-l225.jpg
9,https://i.ebayimg.com/images/g/nhgAAeSwzrZpeVH5/s-l225.jpg
8,https://i.ebayimg.com/images/g/Y6YAAeSwEpVpeRDH/s-l225.jpg
10,https://i.ebayimg.com/images/g/y8kAAeSwLQ9pePDF/s-l225.jpg
9,https://i.ebayimg.com/images/g/EjgAAOSwdGRmwP3F/s-l225.jpg
8,https://i.ebayimg.com/images/g/CyIAAeSw0OVpWZ~f/s-l225.jpg
1,https://i.ebayimg.com/images/g/-7sAAeSwLH1o-jVG/s-l225.jpg
10,https://i.ebayimg.com/images/g/QvYAAeSw1L1peUAC/s-l225.jpg
9,https://i.ebayimg.com/images/g/-UcAAeSwQ9ZoAZER/s-l225.jpg
9,https://i.ebayimg.com/images/g/2ncAAeSwwpVpeOL0/s-l225.jpg
2,https://i.ebayimg.com/images/g/c7MAAeSwvTJpePhQ/s-l225.jpg
10,https://i.ebayimg.com/images/g/xJAAAeSw8nNpZ1bt/s-l225.jpg
10,https://i.ebayimg.com/images/g/W3QAAeSw8MBpeRO6/s-l225.jpg
9,https://i.ebayimg.com/images/g/RvcAAeSwmhlpeUZU/s-l225.jpg
10,https://i.ebayimg.com/images/g/AYAAAeSwfhtoaTfu/s-l225.jpg
10,https://i.ebayimg.com/images/g/lZMAAeSw8VdpeUxy/s-l225.jpg
10,https://i.ebayimg.com/images/g/MCsAAeSwj6NpeTx3/s-l225.jpg
10,https://i.ebayimg.com/images/g/uQ4AAeSwxbxpeUVD/s-l225.jpg
10,https://i.ebayimg.com/images/g/FJQAAeSw5M9peUTQ/s-l225.jpg
9,https://i.ebayimg.com/images/g/OFEAAeSw63JpeOZ2/s-l225.jpg
1,https://i.ebayimg.com/images/g/ah0AAeSwwdZpeU7W/s-l225.jpg
10,https://i.ebayimg.com/images/g/5AsAAOSwuFJn4kv8/s-l225.jpg
9,https://i.ebayimg.com/images/g/Fm8AAeSwOtdpeSlh/s-l225.jpg
10,https://i.ebayimg.com/images/g/b9QAAeSw7WtpeUjc/s-l225.jpg
10,https://i.ebayimg.com/images/g/OaAAAeSwUzhpeRk-/s-l225.jpg
10,https://i.ebayimg.com/images/g/8twAAeSwl2NpeRm1/s-l225.jpg
8,https://i.ebayimg.com/images/g/L~0AAeSwZ5lo1ttl/s-l225.jpg
9,https://i.ebayimg.com/images/g/vPwAAeSwXAJpeP4n/s-l225.jpg
10,https://i.ebayimg.com/images/g/EdEAAeSwnBxpeT1o/s-l225.jpg
10,https://i.ebayimg.com/images/g/CWYAAeSwmGNpeUxL/s-l225.jpg
10,https://i.ebayimg.com/images/g/5noAAeSwcVxpdl40/s-l225.jpg
9,https://i.ebayimg.com/images/g/OIUAAeSwjrhpdkHT/s-l225.jpg
9,https://i.ebayimg.com/images/g/i1YAAeSwHsVpTjGw/s-l225.jpg
10,https://i.ebayimg.com/images/g/ML0AAeSwP-Vpd7-M/s-l225.jpg
10,https://i.ebayimg.com/images/g/WwoAAeSwsfJpeT7C/s-l225.jpg
10,https://i.ebayimg.com/images/g/JQ4AAeSwGVppeOXG/s-l225.jpg
9,https://i.ebayimg.com/images/g/W4sAAeSwO5dpEEKE/s-l225.jpg
10,https://i.ebayimg.com/images/g/NW4AAeSwm7ZpeQLi/s-l225.jpg
10,https://i.ebayimg.com/images/g/oFIAAeSwugVoTBg6/s-l225.jpg
8,https://i.ebayimg.com/images/g/lncAAeSwKCNo9nv5/s-l225.jpg
9,https://i.ebayimg.com/images/g/yagAAOSwbgljos3A/s-l225.jpg
9,https://i.ebayimg.com/images/g/yagAAOSwbgljos3A/s-l225.jpg
9,https://i.ebayimg.com/images/g/T-oAAeSwVsdo7WsH/s-l225.jpg
8,https://i.ebayimg.com/images/g/cj8AAeSw1Ylo9m-I/s-l225.jpg
10,https://i.ebayimg.com/images/g/~coAAeSwl91peStI/s-l225.jpg
9,https://i.ebayimg.com/images/g/~hYAAOSwz0JgKsE5/s-l225.jpg
9,https://i.ebayimg.com/images/g/OVcAAeSwVeRpeThn/s-l225.jpg
9,https://i.ebayimg.com/images/g/MVoAAeSwegJpdTXE/s-l225.jpg
8,https://i.ebayimg.com/images/g/G8YAAeSwt2to9oAj/s-l225.jpg
10,https://i.ebayimg.com/images/g/9MYAAeSwuvFoaNc~/s-l225.jpg
9,https://i.ebayimg.com/images/g/ylMAAeSwvLpovyR4/s-l225.jpg
9,https://i.ebayimg.com/images/g/n1MAAeSwjPVpDlK2/s-l225.jpg
8,https://i.ebayimg.com/images/g/~mQAAeSwyOJpeG8M/s-l225.jpg
9,https://i.ebayimg.com/images/g/9oMAAOSwuwFm1wRr/s-l225.jpg
9,https://i.ebayimg.com/images/g/e9UAAeSwudVpeUjU/s-l225.jpg
9,https://i.ebayimg.com/images/g/zkcAAeSw1ytpeTo8/s-l225.jpg
9,https://i.ebayimg.com/images/g/LLkAAeSw6CRpeOYD/s-l225.jpg
9,https://i.ebayimg.com/images/g/NSIAAOSwAOJnnTu8/s-l225.jpg
9,https://i.ebayimg.com/images/g/lXcAAeSwxsRpeSJf/s-l225.jpg
9,https://i.ebayimg.com/images/g/IxsAAeSwbNxpeTRE/s-l225.jpg
9,https://i.ebayimg.com/images/g/GDYAAeSweLhpeTfh/s-l225.jpg
8,https://i.ebayimg.com/images/g/rNAAAeSwIiNpeVK6/s-l225.jpg
10,https://i.ebayimg.com/images/g/JMEAAeSwPRFpcBiY/s-l225.jpg
10,https://i.ebayimg.com/images/g/NAAAAeSwO01peU-l/s-l225.jpg
9,https://i.ebayimg.com/images/g/JXQAAeSwdbdo-npX/s-l225.jpg
9,https://i.ebayimg.com/images/g/ZwwAAeSwVlNo3Gd0/s-l225.jpg
8,https://i.ebayimg.com/images/g/csAAAOSwRINnQil0/s-l225.jpg
10,https://i.ebayimg.com/images/g/GdYAAeSwwiBpeQQe/s-l225.jpg
10,https://i.ebayimg.com/images/g/WjkAAOSwJlxjm1wn/s-l225.jpg
6,https://i.ebayimg.com/images/g/y8IAAeSwm7ZpeMUc/s-l225.jpg
10,https://i.ebayimg.com/images/g/oVYAAeSwMBNpcCuv/s-l225.jpg
10,https://i.ebayimg.com/images/g/SAQAAeSwpaNpeUXA/s-l225.jpg
10,https://i.ebayimg.com/images/g/19sAAOSwvpVkMCAz/s-l225.jpg
10,https://i.ebayimg.com/images/g/oNEAAeSw45BpeVEM/s-l225.jpg
9,https://i.ebayimg.com/images/g/aB0AAeSwyZNpeVHH/s-l225.jpg
9,https://i.ebayimg.com/images/g/qAoAAeSwyOJpeSXM/s-l225.jpg
10,https://i.ebayimg.com/images/g/1GQAAeSwhodpYAF4/s-l225.jpg
10,https://i.ebayimg.com/images/g/buIAAeSwiPtpeQ8W/s-l225.jpg
4,https://i.ebayimg.com/images/g/YnUAAeSwzrZpeUOm/s-l225.jpg
10,https://i.ebayimg.com/images/g/pOwAAeSwmgFpeVQb/s-l225.jpg
9,https://i.ebayimg.com/images/g/SqEAAeSwjVFpeT5j/s-l225.jpg
10,https://i.ebayimg.com/images/g/OeQAAeSwaJppDuby/s-l225.jpg
9,https://i.ebayimg.com/images/g/ijsAAeSw~plpdoJ-/s-l225.jpg
9,https://i.ebayimg.com/images/g/HBsAAeSwsaZpeTKJ/s-l225.jpg
10,https://i.ebayimg.com/images/g/JcwAAeSwKGlpdLy8/s-l225.jpg
9,https://i.ebayimg.com/images/g/G18AAeSwDSxpeT99/s-l225.jpg
10,https://i.ebayimg.com/images/g/XpoAAeSw-M9peQpq/s-l225.jpg
10,https://i.ebayimg.com/images/g/GwYAAeSwZedpeTR7/s-l225.jpg
9,https://i.ebayimg.com/images/g/1JIAAeSwjtVpPJ-y/s-l225.jpg
9,https://i.ebayimg.com/images/g/ElAAAeSwKvBpeTK6/s-l225.jpg
9,https://i.ebayimg.com/images/g/DhoAAOSwB5Nj6AjJ/s-l225.jpg
9,https://i.ebayimg.com/images/g/N28AAeSwYexpb914/s-l225.jpg
10,https://i.ebayimg.com/images/g/h5gAAeSwEpVpePHM/s-l225.jpg
10,https://i.ebayimg.com/images/g/TgcAAeSwmJRpeMlY/s-l225.jpg
9,https://i.ebayimg.com/images/g/AooAAeSw--VpeOXs/s-l225.jpg
9,https://i.ebayimg.com/images/g/jnMAAeSw7udpU9ik/s-l225.jpg
10,https://i.ebayimg.com/images/g/gugAAeSwD3ZpeRzu/s-l225.jpg
9,https://i.ebayimg.com/images/g/bHAAAeSwajtpeM1L/s-l225.jpg
10,https://i.ebayimg.com/images/g/TT8AAeSw7WZpeUgz/s-l225.jpg
10,https://i.ebayimg.com/images/g/L2gAAeSw-8tpeTgD/s-l225.jpg
7,https://i.ebayimg.com/images/g/2fgAAeSwy3JpeTez/s-l225.jpg
7,https://i.ebayimg.com/images/g/WbkAAeSwLU1peTqr/s-l225.jpg
8,https://i.ebayimg.com/images/g/IFwAAeSw95NpBVWh/s-l225.jpg
9,https://i.ebayimg.com/images/g/fQsAAOSw8kBllBEe/s-l225.jpg
9,https://i.ebayimg.com/images/g/eyMAAeSwNW1o-m~z/s-l225.jpg
10,https://i.ebayimg.com/images/g/HDQAAeSwsfJpeP1U/s-l225.jpg
9,https://i.ebayimg.com/images/g/2WsAAeSwXXho3Zbl/s-l225.jpg
9,https://i.ebayimg.com/images/g/6XgAAeSw68NogO39/s-l225.jpg
8,https://i.ebayimg.com/images/g/2jQAAeSwF6JpeSP-/s-l225.jpg
10,https://i.ebayimg.com/images/g/9tAAAeSwYOFpKVq7/s-l225.jpg
9,https://i.ebayimg.com/images/g/vZgAAeSwXAJpeS2-/s-l225.jpg
5,https://i.ebayimg.com/images/g/J4kAAOSw8cFl-fCS/s-l225.jpg
5,https://i.ebayimg.com/images/g/~xUAAeSwjX1o7WWz/s-l225.jpg
9,https://i.ebayimg.com/images/g/j-8AAeSwI29o7U6q/s-l225.jpg
9,https://i.ebayimg.com/images/g/OU0AAeSwUTtohQCY/s-l225.jpg
10,https://i.ebayimg.com/images/g/L2gAAeSw-8tpeTgD/s-l225.jpg
10,https://i.ebayimg.com/images/g/e1UAAeSwc7xn8~rw/s-l225.jpg
9,https://i.ebayimg.com/images/g/mw4AAeSwtmdpESi~/s-l225.jpg
9,https://i.ebayimg.com/images/g/4X0AAeSw3zlpS2uY/s-l225.jpg
10,https://i.ebayimg.com/images/g/WMwAAeSwwiBpeUFW/s-l225.jpg
9,https://i.ebayimg.com/images/g/XPsAAeSwmQBo7VfV/s-l225.jpg
10,https://i.ebayimg.com/images/g/Fc4AAeSwpvZpS5cS/s-l225.jpg
10,https://i.ebayimg.com/images/g/T0MAAeSwfrtpeT2i/s-l225.jpg
8,https://i.ebayimg.com/images/g/3NMAAeSwRLto9pOM/s-l225.jpg
7,https://i.ebayimg.com/images/g/EuAAAeSwOcppU-5W/s-l225.jpg
6,https://i.ebayimg.com/images/g/nLkAAeSwhF9pTsFo/s-l225.jpg
9,https://i.ebayimg.com/images/g/kZMAAeSwW1VpcpW~/s-l225.jpg
10,https://i.ebayimg.com/images/g/mrMAAeSwOv5peU~Q/s-l225.jpg
8,https://i.ebayimg.com/images/g/dKYAAeSwxBZpeUmM/s-l225.jpg
8,https://i.ebayimg.com/images/g/C5oAAeSwfWxpeS-U/s-l225.jpg
9,https://i.ebayimg.com/images/g/BgAAAOSwV0hgw65g/s-l225.jpg
9,https://i.ebayimg.com/images/g/qQMAAeSw8s9peS4K/s-l225.jpg
7,https://i.ebayimg.com/images/g/zT4AAeSw9lhpeSN2/s-l225.jpg
9,https://i.ebayimg.com/images/g/so0AAeSw5XJpeRzV/s-l225.jpg
10,https://i.ebayimg.com/images/g/AsoAAeSwtI9pdXdy/s-l225.jpg
8,https://i.ebayimg.com/images/g/N-8AAeSwSYlpeQMg/s-l225.jpg
10,https://i.ebayimg.com/images/g/mpEAAeSw0PVpeToN/s-l225.jpg
10,https://i.ebayimg.com/images/g/pX0AAOSwV89oDbHY/s-l225.jpg
10,https://i.ebayimg.com/images/g/eGEAAeSwr59pd7yz/s-l225.jpg
10,https://i.ebayimg.com/images/g/evoAAeSwUZtpeNpn/s-l225.jpg
10,https://i.ebayimg.com/images/g/ZLkAAOSwK4Rn3eI4/s-l225.jpg
10,https://i.ebayimg.com/images/g/8kEAAeSwfi9peS-W/s-l225.jpg
9,https://i.ebayimg.com/images/g/5nwAAeSw-ghpeS4Z/s-l225.jpg
7,https://i.ebayimg.com/images/g/yr4AAeSw-3lpeROP/s-l225.jpg
10,https://i.ebayimg.com/images/g/uvgAAOSwJqpoMR46/s-l225.jpg
10,https://i.ebayimg.com/images/g/s90AAeSw63JpeAje/s-l225.jpg
10,https://i.ebayimg.com/images/g/8XMAAeSwk69peM9k/s-l225.jpg
10,https://i.ebayimg.com/images/g/j5sAAeSw~JVpeNmS/s-l225.jpg
8,https://i.ebayimg.com/images/g/ds8AAeSwmLFpd8y1/s-l225.jpg
9,https://i.ebayimg.com/images/g/ojYAAeSwKGlpeSdr/s-l225.jpg
10,https://i.ebayimg.com/images/g/YvUAAeSwyZNpeRnx/s-l225.jpg
9,https://i.ebayimg.com/images/g/d8oAAeSwAT5peVJC/s-l225.jpg
9,https://i.ebayimg.com/images/g/bcgAAeSwGvNpeUJV/s-l225.jpg
10,https://i.ebayimg.com/images/g/pscAAeSwhw1peSyC/s-l225.jpg
10,https://i.ebayimg.com/images/g/R8EAAeSwdUJpeTvY/s-l225.jpg
9,https://i.ebayimg.com/images/g/rtoAAeSwLU1peUxV/s-l225.jpg
6,https://i.ebayimg.com/images/g/-n4AAeSwo-RpeQDz/s-l225.jpg
9,https://i.ebayimg.com/images/g/21cAAeSwaQdpeSRW/s-l225.jpg
8,https://i.ebayimg.com/images/g/xNoAAeSwXVZpeSY~/s-l225.jpg
8,https://i.ebayimg.com/images/g/q84AAeSwDrZpeO5E/s-l225.jpg
7,https://i.ebayimg.com/images/g/SgIAAeSwUaRpeTz7/s-l225.jpg
10,https://i.ebayimg.com/images/g/tVEAAeSw~cFpeRqk/s-l225.jpg
9,https://i.ebayimg.com/images/g/508AAeSwxxRpeQMp/s-l225.jpg
9,https://i.ebayimg.com/images/g/38MAAOSw9eNoJQVX/s-l225.jpg
9,https://i.ebayimg.com/images/g/fPkAAeSwavdo7Tm0/s-l225.jpg
9,https://i.ebayimg.com/images/g/FwYAAeSwJVppZ6rp/s-l225.jpg
9,https://i.ebayimg.com/images/g/BE8AAeSwpHZo5EXK/s-l225.jpg
9,https://i.ebayimg.com/images/g/oSsAAeSwg41o7UT3/s-l225.jpg
10,https://i.ebayimg.com/images/g/3aIAAeSwEfZpePOI/s-l225.jpg
8,https://i.ebayimg.com/images/g/PsgAAeSwj6Npd8VX/s-l225.jpg
6,https://i.ebayimg.com/images/g/T74AAeSwku5peU~b/s-l225.jpg
10,https://i.ebayimg.com/images/g/90sAAeSw45BpeSqt/s-l225.jpg
10,https://i.ebayimg.com/images/g/j14AAeSwz2NpUySt/s-l225.jpg
9,https://i.ebayimg.com/images/g/RC0AAeSw7QJpeTxV/s-l225.jpg
9,https://i.ebayimg.com/images/g/zGkAAeSwNaJpF9tU/s-l225.jpg
8,https://i.ebayimg.com/images/g/S3cAAeSwH35peQV-/s-l225.jpg
9,https://i.ebayimg.com/images/g/GfwAAeSwOI9o7W19/s-l225.jpg
10,https://i.ebayimg.com/images/g/UVMAAeSwEp1peTzY/s-l225.jpg
10,https://i.ebayimg.com/images/g/XHcAAeSwk69peUNB/s-l225.jpg
10,https://i.ebayimg.com/images/g/NHgAAeSwmgJpeTS9/s-l225.jpg
9,https://i.ebayimg.com/images/g/KMcAAeSwbcxpeTdS/s-l225.jpg
9,https://i.ebayimg.com/images/g/Z0MAAeSwWJ1pd7lr/s-l225.jpg
10,https://i.ebayimg.com/images/g/E5IAAeSwgsVpeTdg/s-l225.jpg
10,https://i.ebayimg.com/images/g/Wm8AAeSw~5lpeUs-/s-l225.jpg
10,https://i.ebayimg.com/images/g/sdIAAeSwZfBpeVQA/s-l225.jpg
9,https://i.ebayimg.com/images/g/8pQAAeSwVvNpePnN/s-l225.jpg
9,https://i.ebayimg.com/images/g/MLQAAeSwAwBpeTYE/s-l225.jpg
9,https://i.ebayimg.com/images/g/gxUAAOSwQuRlly9E/s-l225.jpg
9,https://i.ebayimg.com/images/g/U1MAAeSw1L1pdlvR/s-l225.jpg
10,https://i.ebayimg.com/images/g/n6IAAeSw8A5peVJo/s-l225.jpg
8,https://i.ebayimg.com/images/g/eSEAAeSwmpNpeUeR/s-l225.jpg
8,https://i.ebayimg.com/images/g/N2sAAeSwAlVpeTd-/s-l225.jpg
5,https://i.ebayimg.com/images/g/2QoAAeSwj9dpeSOQ/s-l225.jpg
10,https://i.ebayimg.com/images/g/S20AAeSw~rlpeQyD/s-l225.jpg
5,https://i.ebayimg.com/images/g/z~4AAeSw7WZpeS~3/s-l225.jpg
10,https://i.ebayimg.com/images/g/uBQAAOSw7aFnc~au/s-l225.jpg
4,https://i.ebayimg.com/images/g/SJ8AAeSwQXhpeTza/s-l225.jpg
10,https://i.ebayimg.com/images/g/ZksAAeSw-NdooRsP/s-l225.jpg
6,https://i.ebayimg.com/images/g/288AAeSwSB5pd2SJ/s-l225.jpg
7,https://i.ebayimg.com/images/g/VAgAAeSwpNlpd8eP/s-l225.jpg
10,https://i.ebayimg.com/images/g/FpYAAeSwS31pNIF-/s-l225.jpg
7,https://i.ebayimg.com/images/g/GvkAAeSwOkppeTcp/s-l225.jpg
10,https://i.ebayimg.com/images/g/2-IAAeSwgdNpeMuX/s-l225.jpg
10,https://i.ebayimg.com/images/g/q14AAeSwuW1pNdOx/s-l225.jpg
10,https://i.ebayimg.com/images/g/p4AAAeSwlNNpUyTl/s-l225.jpg
10,https://i.ebayimg.com/images/g/OxoAAeSwrBhpYhCg/s-l225.jpg
9,https://i.ebayimg.com/images/g/O9kAAeSwHlhpeUr9/s-l225.jpg
10,https://i.ebayimg.com/images/g/XIoAAeSwPu1peUTj/s-l225.jpg
10,https://i.ebayimg.com/images/g/0mEAAeSwudVpeSXP/s-l225.jpg
8,https://i.ebayimg.com/images/g/6rgAAeSwc51peTbz/s-l225.jpg
8,https://i.ebayimg.com/images/g/3lMAAeSwpNlpeShQ/s-l225.jpg
10,https://i.ebayimg.com/images/g/3-sAAeSwmhlpeTLT/s-l225.jpg
9,https://i.ebayimg.com/images/g/mCUAAeSwurdpeRsT/s-l225.jpg
10,https://i.ebayimg.com/images/g/4sYAAeSwz0NpePVu/s-l225.jpg
9,https://i.ebayimg.com/images/g/MzkAAeSwegJpeQGo/s-l225.jpg
7,https://i.ebayimg.com/images/g/QOgAAeSwsaZpeQMx/s-l225.jpg
8,https://i.ebayimg.com/images/g/mk4AAeSwauBpeU6b/s-l225.jpg
10,https://i.ebayimg.com/images/g/YsYAAeSwG8dpCAMo/s-l225.jpg
9,https://i.ebayimg.com/images/g/1rsAAeSwVQ9pcDkg/s-l225.jpg
8,https://i.ebayimg.com/images/g/DooAAeSwe5ZpM02X/s-l225.jpg
8,https://i.ebayimg.com/images/g/BjoAAeSwgq1o~9be/s-l225.jpg
10,https://i.ebayimg.com/images/g/W2cAAeSwmnlpeUwB/s-l225.jpg
10,https://i.ebayimg.com/images/g/uU8AAeSwh5Jn-5Xz/s-l225.jpg
8,https://i.ebayimg.com/images/g/VbQAAeSwN9No~9GU/s-l225.jpg
9,https://i.ebayimg.com/images/g/-tIAAeSwudVpeS7V/s-l225.jpg
9,https://i.ebayimg.com/images/g/HGAAAeSwqbtpeR5u/s-l225.jpg
10,https://i.ebayimg.com/images/g/LGwAAeSwtbtpeTWT/s-l225.jpg
10,https://i.ebayimg.com/images/g/xMYAAeSw-JdpeMFM/s-l225.jpg
9,https://i.ebayimg.com/images/g/LqEAAeSwzrZpeTlT/s-l225.jpg
9,https://i.ebayimg.com/images/g/80sAAeSw1d1o5Bvw/s-l225.jpg
9,https://i.ebayimg.com/images/g/8NQAAOSwmnVoJ11B/s-l225.jpg
9,https://i.ebayimg.com/images/g/YE0AAeSwtxFovwci/s-l225.jpg
10,https://i.ebayimg.com/images/g/7TgAAeSwYIZpeQMd/s-l225.jpg
8,https://i.ebayimg.com/images/g/Kx0AAeSwXfNpeQFP/s-l225.jpg
10,https://i.ebayimg.com/images/g/0kcAAeSw2jdpeReg/s-l225.jpg
10,https://i.ebayimg.com/images/g/1YgAAeSwHTZpeSaz/s-l225.jpg
10,https://i.ebayimg.com/images/g/v68AAeSwHTZpeSHO/s-l225.jpg
9,https://i.ebayimg.com/images/g/4toAAeSw-Ixo7VHP/s-l225.jpg
9,https://i.ebayimg.com/images/g/iloAAeSw~cFpeREA/s-l225.jpg
5,https://i.ebayimg.com/images/g/0GEAAOSwl-VlELZX/s-l225.jpg
7,https://i.ebayimg.com/images/g/VFIAAeSwPu1pd7qG/s-l225.jpg
8,https://i.ebayimg.com/images/g/0SQAAeSw1lVpePIc/s-l225.jpg
10,https://i.ebayimg.com/images/g/bTEAAeSwBslpeRcf/s-l225.jpg
10,https://i.ebayimg.com/images/g/m7kAAeSwGcNpeVBV/s-l225.jpg
9,https://i.ebayimg.com/images/g/ok8AAOSwKZhj6BnO/s-l225.jpg
8,https://i.ebayimg.com/images/g/WYoAAeSwAeto9msd/s-l225.jpg
10,https://i.ebayimg.com/images/g/ZqsAAeSwyX9peUWO/s-l225.jpg
9,https://i.ebayimg.com/images/g/xHEAAeSwmpNpeSAm/s-l225.jpg
10,https://i.ebayimg.com/images/g/2ioAAeSwUy9peUKt/s-l225.jpg
10,https://i.ebayimg.com/images/g/LEYAAeSwPu1peTtd/s-l225.jpg
9,https://i.ebayimg.com/images/g/GzYAAeSwUZtpePBM/s-l225.jpg
10,https://i.ebayimg.com/images/g/NBYAAeSwugppGKhP/s-l225.jpg
10,https://i.ebayimg.com/images/g/Hb4AAeSw61BpeUBI/s-l225.jpg
8,https://i.ebayimg.com/images/g/qPcAAeSw8nNpeSPU/s-l225.jpg
9,https://i.ebayimg.com/images/g/yLAAAOSwelRj97KU/s-l225.jpg
10,https://i.ebayimg.com/images/g/q9gAAeSwE3dpeNnc/s-l225.jpg
9,https://i.ebayimg.com/images/g/TgQAAeSwXflpeQtR/s-l225.jpg
10,https://i.ebayimg.com/images/g/Dm8AAeSwB11pKyMr/s-l225.jpg
10,https://i.ebayimg.com/images/g/wSsAAeSwGL5peSEi/s-l225.jpg
8,https://i.ebayimg.com/images/g/jDcAAeSw4GhpBdn2/s-l225.jpg
10,https://i.ebayimg.com/images/g/U64AAeSwkqho0qQd/s-l225.jpg
10,https://i.ebayimg.com/images/g/xCYAAeSwRFVpeMXF/s-l225.jpg
9,https://i.ebayimg.com/images/g/wQYAAeSwfxlpePKb/s-l225.jpg
10,https://i.ebayimg.com/images/g/xcgAAeSw0RhpeQNj/s-l225.jpg
9,https://i.ebayimg.com/images/g/mbcAAeSwb9FpeSQ0/s-l225.jpg
9,https://i.ebayimg.com/images/g/qZkAAeSwqxlpW24z/s-l225.jpg
9,https://i.ebayimg.com/images/g/FRsAAeSw9TtpdlXp/s-l225.jpg
10,https://i.ebayimg.com/images/g/R5gAAeSwDeJpeT2c/s-l225.jpg
10,https://i.ebayimg.com/images/g/NCkAAeSwmpNpeTlS/s-l225.jpg
10,https://i.ebayimg.com/images/g/ntUAAeSw7QJpeVD8/s-l225.jpg
9,https://i.ebayimg.com/images/g/KAkAAeSwodJpd68p/s-l225.jpg
7,https://i.ebayimg.com/images/g/TwEAAeSwajtpeUiA/s-l225.jpg
10,https://i.ebayimg.com/images/g/tXIAAeSwhwxpeRhd/s-l225.jpg
9,https://i.ebayimg.com/images/g/7l0AAeSwreJpeTd7/s-l225.jpg
7,https://i.ebayimg.com/images/g/41sAAeSw2BtpeQHp/s-l225.jpg
9,https://i.ebayimg.com/images/g/RHIAAeSweCpovwTq/s-l225.jpg
9,https://i.ebayimg.com/images/g/YN8AAeSw1KVpeUD4/s-l225.jpg
9,https://i.ebayimg.com/images/g/ObMAAOSwuYtoQeRN/s-l225.jpg
9,https://i.ebayimg.com/images/g/YN8AAeSw1KVpeUD4/s-l225.jpg
9,https://i.ebayimg.com/images/g/XCkAAeSwQ5to~NI7/s-l225.jpg
7,https://i.ebayimg.com/images/g/41sAAeSw2BtpeQHp/s-l225.jpg
8,https://i.ebayimg.com/images/g/R5IAAeSwYippeT3x/s-l225.jpg
9,https://i.ebayimg.com/images/g/njgAAeSwcK1peUeZ/s-l225.jpg
9,https://i.ebayimg.com/images/g/9MQAAeSwxVlo7WeF/s-l225.jpg
9,https://i.ebayimg.com/images/g/BzcAAeSwl-ZpA9xL/s-l225.jpg
10,https://i.ebayimg.com/images/g/fV4AAeSwzm5n4Dvj/s-l225.jpg
10,https://i.ebayimg.com/images/g/tSMAAeSwX7Nn4Dwm/s-l225.jpg
10,https://i.ebayimg.com/images/g/~I4AAeSw3tlpeTEG/s-l225.jpg
9,https://i.ebayimg.com/images/g/dyMAAeSwBpNpPL8j/s-l225.jpg
9,https://i.ebayimg.com/images/g/N78AAeSwaZFpeTqo/s-l225.jpg
10,https://i.ebayimg.com/images/g/E6wAAeSwc91peTO2/s-l225.jpg
9,https://i.ebayimg.com/images/g/BRwAAeSwRFVpeTFI/s-l225.jpg
10,https://i.ebayimg.com/images/g/VVQAAeSw8s9pePRm/s-l225.jpg
9,https://i.ebayimg.com/images/g/CMYAAeSwWZZpEM5t/s-l225.jpg
9,https://i.ebayimg.com/images/g/TcAAAeSwEdZpeT1z/s-l225.jpg
10,https://i.ebayimg.com/images/g/K2MAAeSwtElpeSVV/s-l225.jpg
9,https://i.ebayimg.com/images/g/03AAAeSwz5JpeSF-/s-l225.jpg
10,https://i.ebayimg.com/images/g/a6YAAOSwjklnq06S/s-l225.jpg
10,https://i.ebayimg.com/images/g/zisAAeSwcsxpd2aD/s-l225.jpg
10,https://i.ebayimg.com/images/g/CgYAAeSwv8loTDXP/s-l225.jpg
9,https://i.ebayimg.com/images/g/V1UAAeSwyztpeSET/s-l225.jpg
10,https://i.ebayimg.com/images/g/~xcAAeSwOkppckCv/s-l225.jpg
10,https://i.ebayimg.com/images/g/vGsAAeSwAUhpeSD2/s-l225.jpg
8,https://i.ebayimg.com/images/g/vnoAAeSwntRpSiBX/s-l225.jpg
9,https://i.ebayimg.com/images/g/xt8AAeSwH0BpZ6dE/s-l225.jpg
7,https://i.ebayimg.com/images/g/OtMAAeSwx5lpeKug/s-l225.jpg
8,https://i.ebayimg.com/images/g/jdoAAeSwD7JpeUlA/s-l225.jpg
10,https://i.ebayimg.com/images/g/COgAAeSwat1pd8A3/s-l225.jpg
10,https://i.ebayimg.com/images/g/y7AAAeSwhwxpePFb/s-l225.jpg
7,https://i.ebayimg.com/images/g/fzEAAOSwM5hkYSEH/s-l225.jpg
10,https://i.ebayimg.com/images/g/7sMAAeSwc~ppXj0b/s-l225.jpg
10,https://i.ebayimg.com/images/g/7msAAeSwc2ppeS3c/s-l225.jpg
10,https://i.ebayimg.com/images/g/uWIAAeSwb9FpeSsj/s-l225.jpg
10,https://i.ebayimg.com/images/g/mVUAAeSwDkJpeRxc/s-l225.jpg
10,https://i.ebayimg.com/images/g/fegAAeSwoPdpdiLq/s-l225.jpg
10,https://i.ebayimg.com/images/g/nhIAAeSwOtdpeURA/s-l225.jpg
9,https://i.ebayimg.com/images/g/WzoAAeSwV~5peQkL/s-l225.jpg
9,https://i.ebayimg.com/images/g/RogAAeSwDeJpeT12/s-l225.jpg
8,https://i.ebayimg.com/images/g/ppEAAeSwKvBpeRkP/s-l225.jpg
9,https://i.ebayimg.com/images/g/aM8AAeSwyZNpdbJb/s-l225.jpg
8,https://i.ebayimg.com/images/g/IO8AAeSwz6xpeTal/s-l225.jpg
9,https://i.ebayimg.com/images/g/c9cAAeSwIGlpcLUR/s-l225.jpg
8,https://i.ebayimg.com/images/g/rQgAAeSwFyFpH8wK/s-l225.jpg
10,https://i.ebayimg.com/images/g/oFwAAeSwYkdn56ZL/s-l225.jpg
8,https://i.ebayimg.com/images/g/ABMAAeSwajtpeEgX/s-l225.jpg
5,https://i.ebayimg.com/images/g/O~cAAeSwIiNpeQMo/s-l225.jpg
10,https://i.ebayimg.com/images/g/WYAAAeSwD7JpeT2n/s-l225.jpg
10,https://i.ebayimg.com/images/g/R20AAeSwsaZpeNve/s-l225.jpg
10,https://i.ebayimg.com/images/g/ixoAAeSwD6JpFp4~/s-l225.jpg
8,https://i.ebayimg.com/images/g/iy4AAeSwIkZpeR6o/s-l225.jpg
10,https://i.ebayimg.com/images/g/UjAAAeSwG0VpWhqz/s-l225.jpg
9,https://i.ebayimg.com/images/g/kTwAAeSwtN9pX8~G/s-l225.jpg
5,https://i.ebayimg.com/images/g/bUMAAeSws3Jo-oQF/s-l225.jpg
8,https://i.ebayimg.com/images/g/axMAAeSwUnlpeQkD/s-l225.jpg
9,https://i.ebayimg.com/images/g/uEAAAeSwBk1pd60j/s-l225.jpg
5,https://i.ebayimg.com/images/g/z~4AAeSw7WZpeS~3/s-l225.jpg
10,https://i.ebayimg.com/images/g/3kIAAeSwodJpeScK/s-l225.jpg
10,https://i.ebayimg.com/images/g/s-sAAeSwpAppeO-A/s-l225.jpg
7,https://i.ebayimg.com/images/g/mUQAAOSw3B9oJQH7/s-l225.jpg
8,https://i.ebayimg.com/images/g/2j8AAeSwFWZo9nsk/s-l225.jpg
6,https://i.ebayimg.com/images/g/1~QAAeSwY~Fo3UGC/s-l225.jpg
9,https://i.ebayimg.com/images/g/0qEAAeSwe5ZpNxi1/s-l225.jpg
10,https://i.ebayimg.com/images/g/tpkAAeSwPQ9o3JW1/s-l225.jpg
10,https://i.ebayimg.com/images/g/uGUAAeSwZedpeR2W/s-l225.jpg
10,https://i.ebayimg.com/images/g/KsgAAeSw779peCej/s-l225.jpg
10,https://i.ebayimg.com/images/g/8LsAAeSwDeJpeSvk/s-l225.jpg
9,https://i.ebayimg.com/images/g/8NQAAOSwmnVoJ11B/s-l225.jpg
5,https://i.ebayimg.com/images/g/epkAAeSwHIdpePrZ/s-l225.jpg
10,https://i.ebayimg.com/images/g/pCEAAeSwHZZpEofC/s-l225.jpg
10,https://i.ebayimg.com/images/g/q80AAeSwlrFpeTmc/s-l225.jpg
10,https://i.ebayimg.com/images/g/zVoAAeSwSYlpeSCk/s-l225.jpg
10,https://i.ebayimg.com/images/g/eH4AAeSwI~VpUj5U/s-l225.jpg
7,https://i.ebayimg.com/images/g/h1cAAeSwE3dpeKpd/s-l225.jpg
9,https://i.ebayimg.com/images/g/BJ8AAeSwySho6AHK/s-l225.jpg
9,https://i.ebayimg.com/images/g/P-gAAOSwJEVnb6oW/s-l225.jpg
9,https://i.ebayimg.com/images/g/d1kAAeSw9aBpeQt5/s-l225.jpg
7,https://i.ebayimg.com/images/g/dlgAAeSwYAVpeOWE/s-l225.jpg
9,https://i.ebayimg.com/images/g/pssAAeSwL9lpEZsw/s-l225.jpg
10,https://i.ebayimg.com/images/g/OOYAAeSwufNpeTzy/s-l225.jpg
9,https://i.ebayimg.com/images/g/OO8AAeSw431peTtp/s-l225.jpg
9,https://i.ebayimg.com/images/g/D0kAAeSwmNdpeQNm/s-l225.jpg
8,https://i.ebayimg.com/images/g/OukAAeSwXAJpeUbS/s-l225.jpg
10,https://i.ebayimg.com/images/g/NCgAAeSw7WtpeQpO/s-l225.jpg
10,https://i.ebayimg.com/images/g/AbYAAeSw~5lpeOU~/s-l225.jpg
10,https://i.ebayimg.com/images/g/GZ0AAeSwanppeTEq/s-l225.jpg
9,https://i.ebayimg.com/images/g/zREAAeSwrwppCThm/s-l225.jpg
9,https://i.ebayimg.com/images/g/zi0AAeSwqbtpeUMr/s-l225.jpg
10,https://i.ebayimg.com/images/g/5GwAAeSwvD5peNtq/s-l225.jpg
10,https://i.ebayimg.com/images/g/WyMAAeSwKGxpeUzk/s-l225.jpg
10,https://i.ebayimg.com/images/g/NBoAAeSwjWtpIbTU/s-l225.jpg
9,https://i.ebayimg.com/images/g/K3EAAeSwLwhpeQGk/s-l225.jpg
9,https://i.ebayimg.com/images/g/~gAAAeSweJZoT8Xv/s-l225.jpg
10,https://i.ebayimg.com/images/g/pvAAAeSwr59peVEr/s-l225.jpg
9,https://i.ebayimg.com/images/g/w~wAAeSwDeJpeSHw/s-l225.jpg
10,https://i.ebayimg.com/images/g/MMYAAeSwSYtpHjKQ/s-l225.jpg
8,https://i.ebayimg.com/images/g/KMgAAeSwEpVpeToB/s-l225.jpg
9,https://i.ebayimg.com/images/g/pvoAAeSwtbtpeVBY/s-l225.jpg
10,https://i.ebayimg.com/images/g/yF4AAeSw8VdpeR1t/s-l225.jpg
10,https://i.ebayimg.com/images/g/FrEAAeSwc91peTSD/s-l225.jpg
10,https://i.ebayimg.com/images/g/EI0AAeSwLQ9peS3N/s-l225.jpg
10,https://i.ebayimg.com/images/g/aXUAAeSwBY9pBvL~/s-l225.jpg
7,https://i.ebayimg.com/images/g/oSMAAeSwCYho7TQ8/s-l225.jpg
9,https://i.ebayimg.com/images/g/DZAAAeSw~iNpIU15/s-l225.jpg
8,https://i.ebayimg.com/images/g/0xQAAeSwKsNpeNbR/s-l225.jpg
9,https://i.ebayimg.com/images/g/PwIAAeSwUBJpeTuL/s-l225.jpg
8,https://i.ebayimg.com/images/g/U1UAAeSwOI5peQiv/s-l225.jpg
8,https://i.ebayimg.com/images/g/R2MAAeSw-JdpeQNO/s-l225.jpg
10,https://i.ebayimg.com/images/g/HjQAAOSwNBRg~HLg/s-l225.jpg
9,https://i.ebayimg.com/images/g/qYQAAeSwGP9o7T3T/s-l225.jpg
9,https://i.ebayimg.com/images/g/TFYAAeSw245o7Tdq/s-l225.jpg
9,https://i.ebayimg.com/images/g/0NwAAeSwsPdo6BEI/s-l225.jpg
9,https://i.ebayimg.com/images/g/O~8AAOSwbmpiGChj/s-l225.jpg
7,https://i.ebayimg.com/images/g/MwQAAeSwXttpeQMZ/s-l225.jpg
10,https://i.ebayimg.com/images/g/NDsAAeSwP-VpeTlS/s-l225.jpg
10,https://i.ebayimg.com/images/g/cicAAeSwI59peUOW/s-l225.jpg
10,https://i.ebayimg.com/images/g/8oAAAeSwFLVpeQMt/s-l225.jpg
9,https://i.ebayimg.com/images/g/cU4AAeSwXVZpeUo8/s-l225.jpg
9,https://i.ebayimg.com/images/g/88kAAOSwg~FnUec3/s-l225.jpg
9,https://i.ebayimg.com/images/g/8qgAAeSwcXBovxv1/s-l225.jpg
10,https://i.ebayimg.com/images/g/1OoAAeSwLQ9peR9C/s-l225.jpg
10,https://i.ebayimg.com/images/g/ohcAAeSwc51peNcC/s-l225.jpg
9,https://i.ebayimg.com/images/g/XnYAAeSwXflpd8h1/s-l225.jpg
8,https://i.ebayimg.com/images/g/Se8AAeSwIidpd8tI/s-l225.jpg
9,https://i.ebayimg.com/images/g/2FUAAeSwPHZpeRuy/s-l225.jpg
9,https://i.ebayimg.com/images/g/BzcAAeSwl-ZpA9xL/s-l225.jpg
10,https://i.ebayimg.com/images/g/N4MAAeSwiC1pCA9k/s-l225.jpg
10,https://i.ebayimg.com/images/g/taIAAeSwK8JpSL3H/s-l225.jpg
10,https://i.ebayimg.com/images/g/RfgAAeSw1WRpeTy2/s-l225.jpg
9,https://i.ebayimg.com/images/g/RKUAAeSwgsVpeQyV/s-l225.jpg
10,https://i.ebayimg.com/images/g/5XAAAeSw40JpeSd1/s-l225.jpg
10,https://i.ebayimg.com/images/g/i64AAeSwAYBpTLIe/s-l225.jpg
10,https://i.ebayimg.com/images/g/GxEAAeSwws1peTT6/s-l225.jpg
8,https://i.ebayimg.com/images/g/2ysAAeSwJ2dpeSWJ/s-l225.jpg
10,https://i.ebayimg.com/images/g/lKAAAeSwGuZpeU91/s-l225.jpg
9,https://i.ebayimg.com/images/g/MWsAAeSwfi9peOZi/s-l225.jpg
10,https://i.ebayimg.com/images/g/UoYAAeSwLU1peTlQ/s-l225.jpg
10,https://i.ebayimg.com/images/g/Lj8AAeSwfPNpeVTH/s-l225.jpg
7,https://i.ebayimg.com/images/g/kUYAAeSwHlhpeSdI/s-l225.jpg
9,https://i.ebayimg.com/images/g/MzgAAeSwHTZpeQU7/s-l225.jpg
10,https://i.ebayimg.com/images/g/jz4AAeSwfWxpeUxW/s-l225.jpg
9,https://i.ebayimg.com/images/g/tr0AAeSwxxRpeSko/s-l225.jpg
10,https://i.ebayimg.com/images/g/UAwAAeSwH1BpdkPw/s-l225.jpg
10,https://i.ebayimg.com/images/g/yMkAAeSweq5peSAb/s-l225.jpg
10,https://i.ebayimg.com/images/g/fiIAAeSwnM1peQ2p/s-l225.jpg
8,https://i.ebayimg.com/images/g/IUYAAeSwaP1pdGId/s-l225.jpg
10,https://i.ebayimg.com/images/g/pXoAAeSwg0ZpeRb9/s-l225.jpg
9,https://i.ebayimg.com/images/g/u7wAAeSwR8hpd8qT/s-l225.jpg
10,https://i.ebayimg.com/images/g/1GIAAeSw~cFpeSIH/s-l225.jpg
8,https://i.ebayimg.com/images/g/xMUAAeSwQXhpeR6p/s-l225.jpg
8,https://i.ebayimg.com/images/g/-DQAAeSwzhhogkoZ/s-l225.jpg
9,https://i.ebayimg.com/images/g/kt4AAeSwP0ho-nG-/s-l225.jpg
6,https://i.ebayimg.com/images/g/1~QAAeSwY~Fo3UGC/s-l225.jpg
9,https://i.ebayimg.com/images/g/PQgAAOSw5hZmupYV/s-l225.jpg
10,https://i.ebayimg.com/images/g/63UAAeSwHVZpeMLc/s-l225.jpg
9,https://i.ebayimg.com/images/g/fCgAAeSwcihom-E-/s-l225.jpg
10,https://i.ebayimg.com/images/g/V2oAAeSw779peMvZ/s-l225.jpg
9,https://i.ebayimg.com/images/g/5wAAAeSwnR9peSTG/s-l225.jpg
9,https://i.ebayimg.com/images/g/h60AAeSwkb1nxghP/s-l225.jpg
10,https://i.ebayimg.com/images/g/58sAAeSwhdFpeAfD/s-l225.jpg
8,https://i.ebayimg.com/images/g/SZQAAeSwmLFogl9k/s-l225.jpg
7,https://i.ebayimg.com/images/g/t8gAAeSwt61o7TAA/s-l225.jpg
9,https://i.ebayimg.com/images/g/TM0AAeSwS2ho3V1O/s-l225.jpg
8,https://i.ebayimg.com/images/g/dI4AAeSwn-Jo9otF/s-l225.jpg
9,https://i.ebayimg.com/images/g/CR4AAeSwW9VpeSz7/s-l225.jpg
10,https://i.ebayimg.com/images/g/ikwAAeSwtElpeTnm/s-l225.jpg
10,https://i.ebayimg.com/images/g/Y6IAAeSwSYlpeUJ1/s-l225.jpg
8,https://i.ebayimg.com/images/g/LWIAAeSwxYtpeTlG/s-l225.jpg
10,https://i.ebayimg.com/images/g/L6oAAeSwmpNpeQMk/s-l225.jpg
10,https://i.ebayimg.com/images/g/jHsAAeSwPpJpN8sY/s-l225.jpg
7,https://i.ebayimg.com/images/g/jhIAAeSw9qtpBUFU/s-l225.jpg
9,https://i.ebayimg.com/images/g/0CUAAeSwO0Rpd8my/s-l225.jpg
10,https://i.ebayimg.com/images/g/upEAAeSweLhpdkR5/s-l225.jpg
10,https://i.ebayimg.com/images/g/l6cAAeSw7WtpeNF8/s-l225.jpg
9,https://i.ebayimg.com/images/g/jHAAAeSwcNBn67Se/s-l225.jpg
9,https://i.ebayimg.com/images/g/qZoAAeSwOtdpeRJ1/s-l225.jpg
9,https://i.ebayimg.com/images/g/btEAAeSwku5peR-T/s-l225.jpg
6,https://i.ebayimg.com/images/g/mIAAAeSwgrlonhae/s-l225.jpg
2,https://i.ebayimg.com/images/g/60oAAeSwOI5pePfS/s-l225.jpg
10,https://i.ebayimg.com/images/g/IvkAAeSw27NoSY2l/s-l225.jpg
10,https://i.ebayimg.com/images/g/tbcAAeSw7hBpeSpc/s-l225.jpg
10,https://i.ebayimg.com/images/g/3SkAAeSwUnlpeR0R/s-l225.jpg
10,https://i.ebayimg.com/images/g/iBUAAeSw3tlpeRcn/s-l225.jpg
9,https://i.ebayimg.com/images/g/N4wAAeSwwJdpeUQm/s-l225.jpg
10,https://i.ebayimg.com/images/g/nL4AAeSwal9peU2D/s-l225.jpg
9,https://i.ebayimg.com/images/g/9ioAAeSwxsRpeTgc/s-l225.jpg
10,https://i.ebayimg.com/images/g/7PIAAeSwevBpeSYA/s-l225.jpg
10,https://i.ebayimg.com/images/g/MIQAAeSwy3JpeMmq/s-l225.jpg
7,https://i.ebayimg.com/images/g/wKMAAeSw8c9ow338/s-l225.jpg
8,https://i.ebayimg.com/images/g/pDIAAeSwFPZpeVFS/s-l225.jpg
10,https://i.ebayimg.com/images/g/pHwAAeSwiLRpePot/s-l225.jpg
10,https://i.ebayimg.com/images/g/HZUAAeSwemNpdjDT/s-l225.jpg
10,https://i.ebayimg.com/images/g/nigAAeSwaZFpeRZK/s-l225.jpg
9,https://i.ebayimg.com/images/g/dAwAAeSwTVNpeTGT/s-l225.jpg
9,https://i.ebayimg.com/images/g/o-8AAeSweq5peVGg/s-l225.jpg
10,https://i.ebayimg.com/images/g/-pkAAeSwFLVpeQRX/s-l225.jpg
10,https://i.ebayimg.com/images/g/NQkAAeSwbcxpeTli/s-l225.jpg
9,https://i.ebayimg.com/images/g/KkEAAeSwanppeTT2/s-l225.jpg
10,https://i.ebayimg.com/images/g/A~sAAeSwEqRn4Dtk/s-l225.jpg
9,https://i.ebayimg.com/images/g/ekQAAeSwLU1peUB~/s-l225.jpg
9,https://i.ebayimg.com/images/g/ba8AAeSwaJVpeRrx/s-l225.jpg
10,https://i.ebayimg.com/images/g/lNkAAeSwreJpeSLB/s-l225.jpg
10,https://i.ebayimg.com/images/g/~QYAAeSwTNNo~9pe/s-l225.jpg
9,https://i.ebayimg.com/images/g/f6UAAeSwOtdpeQv~/s-l225.jpg
10,https://i.ebayimg.com/images/g/mLQAAeSw5XJpeU3R/s-l225.jpg
10,https://i.ebayimg.com/images/g/N~YAAeSwjbZpeTnt/s-l225.jpg
9,https://i.ebayimg.com/images/g/gAIAAeSwiPtpd2H1/s-l225.jpg
9,https://i.ebayimg.com/images/g/iIYAAeSwdxdpJhuQ/s-l225.jpg
8,https://i.ebayimg.com/images/g/h64AAeSw2J5otcF8/s-l225.jpg
8,https://i.ebayimg.com/images/g/eg4AAeSw1V5pF9l2/s-l225.jpg
10,https://i.ebayimg.com/images/g/kE4AAOSw0A9nft20/s-l225.jpg
10,https://i.ebayimg.com/images/g/E1wAAOSwru1oIVPx/s-l225.jpg
10,https://i.ebayimg.com/images/g/N~YAAeSwjbZpeTnt/s-l225.jpg
9,https://i.ebayimg.com/images/g/gAIAAeSwiPtpd2H1/s-l225.jpg
9,https://i.ebayimg.com/images/g/iIYAAeSwdxdpJhuQ/s-l225.jpg
10,https://i.ebayimg.com/images/g/59UAAeSwLdRpeP8D/s-l225.jpg
9,https://i.ebayimg.com/images/g/PQgAAOSw5hZmupYV/s-l225.jpg
10,https://i.ebayimg.com/images/g/0qwAAeSwjuFpeSCE/s-l225.jpg
9,https://i.ebayimg.com/images/g/k7IAAeSwfKxocBJA/s-l225.jpg
10,https://i.ebayimg.com/images/g/wsoAAeSwodJpeSCj/s-l225.jpg
10,https://i.ebayimg.com/images/g/cNoAAOSwVD5lO4wc/s-l225.jpg
10,https://i.ebayimg.com/images/g/-U4AAOSwRjpm5Aru/s-l225.jpg
10,https://i.ebayimg.com/images/g/7UcAAeSwjrhpeSoL/s-l225.jpg
9,https://i.ebayimg.com/images/g/gw0AAeSwEZho3DWX/s-l225.jpg
7,https://i.ebayimg.com/images/g/7IAAAeSw2zppeSXO/s-l225.jpg
10,https://i.ebayimg.com/images/g/8gYAAeSwQGJpeOPQ/s-l225.jpg
10,https://i.ebayimg.com/images/g/sXEAAeSw~85peSgq/s-l225.jpg
7,https://i.ebayimg.com/images/g/WzAAAOSwW05l2Icb/s-l225.jpg
9,https://i.ebayimg.com/images/g/GA8AAeSwLwhpd6wR/s-l225.jpg
10,https://i.ebayimg.com/images/g/2VMAAeSwjddpeL06/s-l225.jpg
8,https://i.ebayimg.com/images/g/zyMAAeSwal9peR8Q/s-l225.jpg
8,https://i.ebayimg.com/images/g/2jQAAeSwF6JpeSP-/s-l225.jpg
10,https://i.ebayimg.com/images/g/iBYAAeSwEp1pd7~C/s-l225.jpg
9,https://i.ebayimg.com/images/g/Wo4AAeSwAT5peMr6/s-l225.jpg
9,https://i.ebayimg.com/images/g/Y2cAAeSwmnlpeU28/s-l225.jpg
9,https://i.ebayimg.com/images/g/dAQAAeSw7WZpda3C/s-l225.jpg
10,https://i.ebayimg.com/images/g/S~kAAeSwRUxpeT0l/s-l225.jpg
10,https://i.ebayimg.com/images/g/nQUAAeSwpNlpeRoy/s-l225.jpg
10,https://i.ebayimg.com/images/g/LQwAAeSwUaRpeQFK/s-l225.jpg
9,https://i.ebayimg.com/images/g/nOoAAeSwXfNpeVDu/s-l225.jpg
10,https://i.ebayimg.com/images/g/GOkAAeSwUBJpeTP1/s-l225.jpg
8,https://i.ebayimg.com/images/g/e~EAAeSwiZtpeRyN/s-l225.jpg
10,https://i.ebayimg.com/images/g/vQ8AAeSwiLRpeSxc/s-l225.jpg
9,https://i.ebayimg.com/images/g/Ql8AAeSw4n5pX72r/s-l225.jpg
8,https://i.ebayimg.com/images/g/vKoAAeSwgkVpZLPb/s-l225.jpg
8,https://i.ebayimg.com/images/g/Oo4AAeSwC7lpeT03/s-l225.jpg
9,https://i.ebayimg.com/images/g/JAIAAeSwYIZpeT~G/s-l225.jpg
10,https://i.ebayimg.com/images/g/UWIAAeSwdDtpeOrs/s-l225.jpg
1,https://i.ebayimg.com/images/g/GegAAeSw3tlpeTd8/s-l225.jpg
9,https://i.ebayimg.com/images/g/OqcAAeSwUaRpeNqS/s-l225.jpg
9,https://i.ebayimg.com/images/g/oiUAAeSwQAVpeRS6/s-l225.jpg
8,https://i.ebayimg.com/images/g/ZTsAAeSwo-Rpd8uT/s-l225.jpg
9,https://i.ebayimg.com/images/g/92QAAeSw8nNpeQM2/s-l225.jpg
9,https://i.ebayimg.com/images/g/WgQAAeSw3zlpUShc/s-l225.jpg
9,https://i.ebayimg.com/images/g/h60AAeSwkb1nxghP/s-l225.jpg
10,https://i.ebayimg.com/images/g/nBwAAeSwGQlpeRMw/s-l225.jpg
9,https://i.ebayimg.com/images/g/6ZMAAeSwmgJpeSOa/s-l225.jpg
10,https://i.ebayimg.com/images/g/yUgAAeSw59NpeR5m/s-l225.jpg
9,https://i.ebayimg.com/images/g/xUUAAOSw0jliyRf1/s-l225.jpg
8,https://i.ebayimg.com/images/g/840AAeSwUjZpV4KI/s-l225.jpg
6,https://i.ebayimg.com/images/g/EwcAAeSwF6JpeP0-/s-l225.jpg
6,https://i.ebayimg.com/images/g/LDIAAOSwPP9i6IZN/s-l225.jpg
5,https://i.ebayimg.com/images/g/jDEAAOSw89xnPT0a/s-l225.jpg
9,https://i.ebayimg.com/images/g/kPQAAOSw6yZmwNF0/s-l225.jpg
5,https://i.ebayimg.com/images/g/jDEAAOSw89xnPT0a/s-l225.jpg
9,https://i.ebayimg.com/images/g/kPQAAOSw6yZmwNF0/s-l225.jpg
6,https://i.ebayimg.com/images/g/HnMAAOSwQ6lm10JP/s-l225.jpg
10,https://i.ebayimg.com/images/g/mw8AAeSwYEZpd5aK/s-l225.jpg
10,https://i.ebayimg.com/images/g/xj0AAeSwdDtpePpo/s-l225.jpg
9,https://i.ebayimg.com/images/g/l20AAeSwl2NpeT0O/s-l225.jpg
10,https://i.ebayimg.com/images/g/UcUAAeSwfPNpeSVV/s-l225.jpg
10,https://i.ebayimg.com/images/g/ZtgAAeSwmGNpeSoT/s-l225.jpg
10,https://i.ebayimg.com/images/g/UqoAAeSwgepooeQ5/s-l225.jpg
9,https://i.ebayimg.com/images/g/GE0AAeSwr6FpEMsZ/s-l225.jpg
9,https://i.ebayimg.com/images/g/OHMAAeSwrj9peTv5/s-l225.jpg
10,https://i.ebayimg.com/images/g/KjkAAeSwDslpeUIG/s-l225.jpg
10,https://i.ebayimg.com/images/g/cKoAAeSw2MppePAq/s-l225.jpg
10,https://i.ebayimg.com/images/g/RiwAAeSw431peT3e/s-l225.jpg
8,https://i.ebayimg.com/images/g/8eEAAOSwJmJnULho/s-l225.jpg
9,https://i.ebayimg.com/images/g/lJcAAeSwgXxo-mZb/s-l225.jpg
10,https://i.ebayimg.com/images/g/aBEAAeSw0m9peU3w/s-l225.jpg
10,https://i.ebayimg.com/images/g/D~wAAeSwgt9pb5Zd/s-l225.jpg
5,https://i.ebayimg.com/images/g/RfkAAeSwQcVpeQNX/s-l225.jpg
10,https://i.ebayimg.com/images/g/wrAAAeSwXflpeNWr/s-l225.jpg
9,https://i.ebayimg.com/images/g/4r0AAOSwMq5nbnrF/s-l225.jpg
9,https://i.ebayimg.com/images/g/0Y8AAeSwKAJpeRoW/s-l225.jpg
9,https://i.ebayimg.com/images/g/iJUAAeSw7ixpZ6oS/s-l225.jpg
9,https://i.ebayimg.com/images/g/PMMAAeSw59NpeQNv/s-l225.jpg
9,https://i.ebayimg.com/images/g/5mQAAeSwRv1pePel/s-l225.jpg
10,https://i.ebayimg.com/images/g/0wwAAeSw2MppeSoK/s-l225.jpg
10,https://i.ebayimg.com/images/g/Y4YAAeSw5XJpeQ4j/s-l225.jpg
10,https://i.ebayimg.com/images/g/SrUAAeSwvkVpeTvB/s-l225.jpg
5,https://i.ebayimg.com/images/g/WPwAAeSwWaZpeRJU/s-l225.jpg
10,https://i.ebayimg.com/images/g/-ZkAAeSwmehpeLuD/s-l225.jpg
10,https://i.ebayimg.com/images/g/nKcAAeSwq~ppeOnO/s-l225.jpg
9,https://i.ebayimg.com/images/g/LsMAAeSwat1peUP6/s-l225.jpg
9,https://i.ebayimg.com/images/g/b4kAAOSwm3hlYWtM/s-l225.jpg
10,https://i.ebayimg.com/images/g/0TMAAeSwoPdpeQwV/s-l225.jpg
9,https://i.ebayimg.com/images/g/OtgAAeSwashpeQNc/s-l225.jpg
8,https://i.ebayimg.com/images/g/sL4AAeSwLClpd8wW/s-l225.jpg
10,https://i.ebayimg.com/images/g/-m8AAeSwIMlomBqM/s-l225.jpg
10,https://i.ebayimg.com/images/g/KtAAAeSw6W9pbWPR/s-l225.jpg
10,https://i.ebayimg.com/images/g/WscAAeSwUy9peMtn/s-l225.jpg
10,https://i.ebayimg.com/images/g/gYYAAOSw8FBncqlW/s-l225.jpg
9,https://i.ebayimg.com/images/g/wHkAAeSw9Z5peSM~/s-l225.jpg
7,https://i.ebayimg.com/images/g/aqkAAeSwR8toDljj/s-l225.jpg
10,https://i.ebayimg.com/images/g/3foAAOSwDd9m5Ajp/s-l225.jpg
10,https://i.ebayimg.com/images/g/ebYAAeSwaZFpeQ76/s-l225.jpg
9,https://i.ebayimg.com/images/g/rLwAAeSweV9ogRtI/s-l225.jpg
9,https://i.ebayimg.com/images/g/VcoAAOSwUgZjZHUd/s-l225.jpg
9,https://i.ebayimg.com/images/g/wyEAAeSwXT9o-m3k/s-l225.jpg
10,https://i.ebayimg.com/images/g/3foAAOSwDd9m5Ajp/s-l225.jpg
10,https://i.ebayimg.com/images/g/ebYAAeSwaZFpeQ76/s-l225.jpg
10,https://i.ebayimg.com/images/g/LUAAAeSwOetoeklc/s-l225.jpg
7,https://i.ebayimg.com/images/g/CDIAAeSw0Rhpd8fj/s-l225.jpg
7,https://i.ebayimg.com/images/g/V24AAeSwmehpeRWh/s-l225.jpg
10,https://i.ebayimg.com/images/g/LAAAAeSw0DVpcV~t/s-l225.jpg
9,https://i.ebayimg.com/images/g/rNUAAeSwV-xo7UZt/s-l225.jpg
9,https://i.ebayimg.com/images/g/SugAAeSwDW9oPZar/s-l225.jpg
7,https://i.ebayimg.com/images/g/JnYAAeSwLClpeQLL/s-l225.jpg
10,https://i.ebayimg.com/images/g/zJwAAeSw-mBn8~og/s-l225.jpg
9,https://i.ebayimg.com/images/g/xIkAAeSwkVZpbh3R/s-l225.jpg
9,https://i.ebayimg.com/images/g/OnMAAOSwfkFk943b/s-l225.jpg
9,https://i.ebayimg.com/images/g/JGgAAOSwRrZnUeEr/s-l225.jpg
10,https://i.ebayimg.com/images/g/a3AAAeSwRv1peQ0n/s-l225.jpg
10,https://i.ebayimg.com/images/g/2bAAAeSwXlVpeSLu/s-l225.jpg
9,https://i.ebayimg.com/images/g/EIIAAeSwDGNoILI7/s-l225.jpg
7,https://i.ebayimg.com/images/g/nsMAAeSwZ0VpeU6a/s-l225.jpg
10,https://i.ebayimg.com/images/g/lz8AAeSwAWNpFJ11/s-l225.jpg
5,https://i.ebayimg.com/images/g/cSEAAeSwqixpeRMA/s-l225.jpg
10,https://i.ebayimg.com/images/g/CfAAAeSw-M9peS-Z/s-l225.jpg
10,https://i.ebayimg.com/images/g/6NQAAeSwRaFpeSqK/s-l225.jpg
9,https://i.ebayimg.com/images/g/cr0AAeSwmpNpeUYg/s-l225.jpg
10,https://i.ebayimg.com/images/g/gYYAAOSw8FBncqlW/s-l225.jpg
9,https://i.ebayimg.com/images/g/2xwAAeSwyZ9peSGZ/s-l225.jpg
10,https://i.ebayimg.com/images/g/AV4AAeSwPqBpeS0O/s-l225.jpg
8,https://i.ebayimg.com/images/g/udAAAeSwm0FpWZtl/s-l225.jpg
9,https://i.ebayimg.com/images/g/q4kAAeSwXAJpeSlt/s-l225.jpg
8,https://i.ebayimg.com/images/g/Y8oAAeSw6fNpYqDl/s-l225.jpg
9,https://i.ebayimg.com/images/g/OiMAAOSwuO1n1lMN/s-l225.jpg
10,https://i.ebayimg.com/images/g/LrMAAOSwJpdnbodE/s-l225.jpg
10,https://i.ebayimg.com/images/g/f8wAAeSw85hpIMHt/s-l225.jpg
8,https://i.ebayimg.com/images/g/jPgAAeSw8SFpeU-~/s-l225.jpg
9,https://i.ebayimg.com/images/g/UAAAAeSwusNpPZxo/s-l225.jpg
10,https://i.ebayimg.com/images/g/Vf0AAeSwYolpeUCj/s-l225.jpg
10,https://i.ebayimg.com/images/g/qmkAAOSwC11n4YKI/s-l225.jpg
6,https://i.ebayimg.com/images/g/KXMAAeSwH-1peTMl/s-l225.jpg
8,https://i.ebayimg.com/images/g/C6gAAeSw~V5pd6rg/s-l225.jpg
10,https://i.ebayimg.com/images/g/YDIAAeSwZ2ZoqzLn/s-l225.jpg
10,https://i.ebayimg.com/images/g/-mYAAeSwRUxpeM-y/s-l225.jpg
10,https://i.ebayimg.com/images/g/lRAAAeSwAxlpMNzV/s-l225.jpg
10,https://i.ebayimg.com/images/g/wmMAAeSw1oRpCkaN/s-l225.jpg
10,https://i.ebayimg.com/images/g/~FoAAeSwLPFpNrna/s-l225.jpg
9,https://i.ebayimg.com/images/g/4uIAAeSwcqNpEMxb/s-l225.jpg
9,https://i.ebayimg.com/images/g/pIUAAeSwU~Bpd8la/s-l225.jpg
9,https://i.ebayimg.com/images/g/WisAAeSwxYtpeUGI/s-l225.jpg
10,https://i.ebayimg.com/images/g/5nkAAeSwA19okk5M/s-l225.jpg
8,https://i.ebayimg.com/images/g/kXEAAeSwjs1peU4H/s-l225.jpg
10,https://i.ebayimg.com/images/g/aFIAAeSwal9peUEx/s-l225.jpg
9,https://i.ebayimg.com/images/g/IqMAAOSwl99n--1V/s-l225.jpg
5,https://i.ebayimg.com/images/g/yIgAAeSwxbxpeUkL/s-l225.jpg
9,https://i.ebayimg.com/images/g/MhUAAeSwhf5peUMh/s-l225.jpg
9,https://i.ebayimg.com/images/g/faEAAOSweU5iPznG/s-l225.jpg
8,https://i.ebayimg.com/images/g/dToAAeSwkoRo-o8p/s-l225.jpg
9,https://i.ebayimg.com/images/g/FVQAAeSwLwxo3ZQI/s-l225.jpg
8,https://i.ebayimg.com/images/g/KYcAAeSw6A9o9n3M/s-l225.jpg
10,https://i.ebayimg.com/images/g/rEAAAeSwp3to-Ekg/s-l225.jpg
10,https://i.ebayimg.com/images/g/jVkAAeSwD3ZpeR9M/s-l225.jpg
10,https://i.ebayimg.com/images/g/d90AAeSwGblpXiCj/s-l225.jpg
10,https://i.ebayimg.com/images/g/ZjMAAeSwfP9peUxJ/s-l225.jpg
8,https://i.ebayimg.com/images/g/YYwAAeSwnjtpGAMT/s-l225.jpg
10,https://i.ebayimg.com/images/g/DjYAAeSwF69pA-XK/s-l225.jpg
8,https://i.ebayimg.com/images/g/L0sAAeSwG7Vn1dUM/s-l225.jpg
9,https://i.ebayimg.com/images/g/QksAAeSwAUhpeT1y/s-l225.jpg
4,https://i.ebayimg.com/images/g/9JUAAeSwFDppeQUH/s-l225.jpg
10,https://i.ebayimg.com/images/g/3j8AAeSwO01peT0z/s-l225.jpg
10,https://i.ebayimg.com/images/g/yzIAAeSwnjxohirf/s-l225.jpg
8,https://i.ebayimg.com/images/g/IVYAAeSwTFhpd6vp/s-l225.jpg
10,https://i.ebayimg.com/images/g/RvIAAeSws9tpMdWb/s-l225.jpg
9,https://i.ebayimg.com/images/g/2ZsAAeSwrKJnunlm/s-l225.jpg
10,https://i.ebayimg.com/images/g/hYsAAeSwo-RpeU1T/s-l225.jpg
10,https://i.ebayimg.com/images/g/o5oAAeSwm0FpSfHr/s-l225.jpg
10,https://i.ebayimg.com/images/g/n44AAOSwC~hoMSpW/s-l225.jpg
8,https://i.ebayimg.com/images/g/T5oAAeSwTBJpQCX6/s-l225.jpg
7,https://i.ebayimg.com/images/g/ORIAAeSwg5ZoO7EZ/s-l225.jpg
9,https://i.ebayimg.com/images/g/078AAeSwMixpZA7w/s-l225.jpg
9,https://i.ebayimg.com/images/g/oYAAAeSw3FlpdRTV/s-l225.jpg
9,https://i.ebayimg.com/images/g/DFcAAeSw2BtpeL0u/s-l225.jpg
10,https://i.ebayimg.com/images/g/VBkAAeSwzFhpeMKE/s-l225.jpg
9,https://i.ebayimg.com/images/g/Tq8AAOSwDn5hCyou/s-l225.jpg
8,https://i.ebayimg.com/images/g/O0MAAeSw-3lpeSvG/s-l225.jpg
10,https://i.ebayimg.com/images/g/G6IAAeSwTHJoQRD5/s-l225.jpg
9,https://i.ebayimg.com/images/g/JaEAAOSweHhkGE~Q/s-l225.jpg
10,https://i.ebayimg.com/images/g/Iq4AAeSwl91peTRG/s-l225.jpg
10,https://i.ebayimg.com/images/g/a3EAAeSwtElpeTQK/s-l225.jpg
8,https://i.ebayimg.com/images/g/2MUAAeSwg~hpeTKA/s-l225.jpg
9,https://i.ebayimg.com/images/g/qZoAAeSwOtdpeRJ1/s-l225.jpg
10,https://i.ebayimg.com/images/g/mF0AAeSw78FpeVB8/s-l225.jpg
8,https://i.ebayimg.com/images/g/OTMAAeSwot9ofXQU/s-l225.jpg
9,https://i.ebayimg.com/images/g/ibQAAeSwaP1peNPn/s-l225.jpg
9,https://i.ebayimg.com/images/g/OL8AAeSwfWxpeTli/s-l225.jpg
10,https://i.ebayimg.com/images/g/SSYAAeSwvh5peTwb/s-l225.jpg
5,https://i.ebayimg.com/images/g/5LoAAeSw7nRpaK3u/s-l225.jpg
10,https://i.ebayimg.com/images/g/5YsAAeSwbt1oeUyJ/s-l225.jpg
10,https://i.ebayimg.com/images/g/yGcAAeSwm7ZpeSBJ/s-l225.jpg
10,https://i.ebayimg.com/images/g/z5EAAeSw40JpeMcp/s-l225.jpg
10,https://i.ebayimg.com/images/g/Q7MAAeSwXXlpOFa0/s-l225.jpg
9,https://i.ebayimg.com/images/g/zVwAAeSwlJ9pMiaC/s-l225.jpg
10,https://i.ebayimg.com/images/g/JPwAAeSwVpBpLN8J/s-l225.jpg
9,https://i.ebayimg.com/images/g/fwYAAeSwvD9ojTl0/s-l225.jpg
10,https://i.ebayimg.com/images/g/5u4AAeSwGJZpeSmN/s-l225.jpg
9,https://i.ebayimg.com/images/g/11wAAeSwucZpbXHK/s-l225.jpg
8,https://i.ebayimg.com/images/g/y2wAAOSw~fpng~Da/s-l225.jpg
8,https://i.ebayimg.com/images/g/y2wAAOSw~fpng~Da/s-l225.jpg
9,https://i.ebayimg.com/images/g/11wAAeSwucZpbXHK/s-l225.jpg
10,https://i.ebayimg.com/images/g/E50AAeSw~eVpUuFa/s-l225.jpg
10,https://i.ebayimg.com/images/g/IMgAAeSwgdNpeSQU/s-l225.jpg
4,https://i.ebayimg.com/images/g/7O8AAeSwCRdpePfU/s-l225.jpg
7,https://i.ebayimg.com/images/g/0yQAAeSwP~lop2Bk/s-l225.jpg
8,https://i.ebayimg.com/images/g/zKoAAeSwnfFn1dNt/s-l225.jpg
8,https://i.ebayimg.com/images/g/tNQAAeSwkbto9of-/s-l225.jpg
9,https://i.ebayimg.com/images/g/yx0AAOSwf~xoRHB3/s-l225.jpg
8,https://i.ebayimg.com/images/g/f9MAAOSwo1Nk3UXt/s-l225.jpg
6,https://i.ebayimg.com/images/g/YSkAAeSw4MloRJG9/s-l225.jpg
9,https://i.ebayimg.com/images/g/65cAAeSw1ytpeT~D/s-l225.jpg
10,https://i.ebayimg.com/images/g/hLAAAeSw48ZpRv8f/s-l225.jpg
9,https://i.ebayimg.com/images/g/J0QAAeSw9ehpeTed/s-l225.jpg
9,https://i.ebayimg.com/images/g/JpEAAeSw6WFo3wVS/s-l225.jpg
8,https://i.ebayimg.com/images/g/h6wAAeSwajtpeR4y/s-l225.jpg
8,https://i.ebayimg.com/images/g/AXYAAeSwdSlpHdWh/s-l225.jpg
9,https://i.ebayimg.com/images/g/yWUAAOSwAP5l-M40/s-l225.jpg
10,https://i.ebayimg.com/images/g/~KYAAeSwwpVpeUuq/s-l225.jpg
10,https://i.ebayimg.com/images/g/yM0AAeSwUaRpeMQn/s-l225.jpg
9,https://i.ebayimg.com/images/g/4B8AAeSwvPRo7Tvf/s-l225.jpg
6,https://i.ebayimg.com/images/g/WRUAAeSwmnlpeRRq/s-l225.jpg
9,https://i.ebayimg.com/images/g/wTwAAeSw3FlpeR4L/s-l225.jpg
8,https://i.ebayimg.com/images/g/-3YAAeSw00hpeNDp/s-l225.jpg
10,https://i.ebayimg.com/images/g/CN8AAeSwtElpeR3J/s-l225.jpg
10,https://i.ebayimg.com/images/g/aMwAAOSw5HpncqsI/s-l225.jpg
10,https://i.ebayimg.com/images/g/yWgAAeSwBy5peMIQ/s-l225.jpg
10,https://i.ebayimg.com/images/g/bDcAAeSwDslpeRqT/s-l225.jpg
10,https://i.ebayimg.com/images/g/j5IAAeSw2jdpeQvH/s-l225.jpg
9,https://i.ebayimg.com/images/g/07AAAeSwh7do7jgF/s-l225.jpg
10,https://i.ebayimg.com/images/g/h0IAAeSwjoxpeRZf/s-l225.jpg
10,https://i.ebayimg.com/images/g/92cAAeSwDCxpeRiv/s-l225.jpg
10,https://i.ebayimg.com/images/g/~NYAAeSwRytpeSma/s-l225.jpg
8,https://i.ebayimg.com/images/g/OVcAAeSwaQdpeQO-/s-l225.jpg
9,https://i.ebayimg.com/images/g/fQoAAeSwngdpb-rN/s-l225.jpg
10,https://i.ebayimg.com/images/g/zScAAeSwV4lpeMhp/s-l225.jpg
8,https://i.ebayimg.com/images/g/B2EAAeSw791onRYD/s-l225.jpg
8,https://i.ebayimg.com/images/g/AEsAAeSw8nNpeQRx/s-l225.jpg
10,https://i.ebayimg.com/images/g/3igAAeSw8gJpeSMM/s-l225.jpg
10,https://i.ebayimg.com/images/g/CqUAAeSwT7ppeNHR/s-l225.jpg
10,https://i.ebayimg.com/images/g/C1UAAeSwvh5pePvH/s-l225.jpg
9,https://i.ebayimg.com/images/g/MBkAAOSwGDFm~BQT/s-l225.jpg
9,https://i.ebayimg.com/images/g/Eb0AAeSwW4NpeQMq/s-l225.jpg
10,https://i.ebayimg.com/images/g/VbkAAeSw~gBpeT2l/s-l225.jpg
10,https://i.ebayimg.com/images/g/1X8AAeSwudBoS9ad/s-l225.jpg
10,https://i.ebayimg.com/images/g/oUgAAeSwal9peOrU/s-l225.jpg
10,https://i.ebayimg.com/images/g/UWoAAeSw1CRpTTyO/s-l225.jpg
9,https://i.ebayimg.com/images/g/rx8AAeSw8ydo-mmw/s-l225.jpg
9,https://i.ebayimg.com/images/g/5iUAAeSwaRZogkqk/s-l225.jpg
10,https://i.ebayimg.com/images/g/Do0AAeSwWQFpeT4P/s-l225.jpg
9,https://i.ebayimg.com/images/g/8-oAAeSwHIdpeT-C/s-l225.jpg
8,https://i.ebayimg.com/images/g/KMwAAOSwYglmSWc3/s-l225.jpg
10,https://i.ebayimg.com/images/g/boEAAeSwPoVpVUQD/s-l225.jpg
10,https://i.ebayimg.com/images/g/4jUAAeSwIkZpePXq/s-l225.jpg
9,https://i.ebayimg.com/images/g/yp8AAeSwCVpn-AB8/s-l225.jpg
6,https://i.ebayimg.com/images/g/tuMAAeSw~4xomz0w/s-l225.jpg
8,https://i.ebayimg.com/images/g/NNoAAOSwquVoQyBD/s-l225.jpg
9,https://i.ebayimg.com/images/g/Hb8AAOSwQVRoQcI1/s-l225.jpg
10,https://i.ebayimg.com/images/g/FVYAAeSw8MBpeTyh/s-l225.jpg
9,https://i.ebayimg.com/images/g/M1sAAeSwOt5peT2R/s-l225.jpg
10,https://i.ebayimg.com/images/g/cgUAAeSwMXdpeUkc/s-l225.jpg
9,https://i.ebayimg.com/images/g/pnsAAeSweRNpI1C9/s-l225.jpg
8,https://i.ebayimg.com/images/g/hzwAAOSwLD5nb2Vc/s-l225.jpg
15,https://i.ebayimg.com/images/g/s90AAeSwtElpd3fD/s-l225.jpg
10,https://i.ebayimg.com/images/g/NzQAAeSwhf5peUP9/s-l225.jpg
10,https://i.ebayimg.com/images/g/kakAAeSwTqNpeM8a/s-l225.jpg
10,https://i.ebayimg.com/images/g/t60AAeSwmqJpbPQd/s-l225.jpg
9,https://i.ebayimg.com/images/g/tDgAAeSwIy5pBc~N/s-l225.jpg
8,https://i.ebayimg.com/images/g/J10AAeSwcGNpdMK-/s-l225.jpg
10,https://i.ebayimg.com/images/g/u7IAAeSwrj9peR9E/s-l225.jpg
9,https://i.ebayimg.com/images/g/tEcAAeSwlv9pd8pK/s-l225.jpg
8,https://i.ebayimg.com/images/g/6agAAeSwmnlpeTWv/s-l225.jpg
9,https://i.ebayimg.com/images/g/fCIAAeSwsVVpeQ0v/s-l225.jpg
10,https://i.ebayimg.com/images/g/oC8AAOSwNM9kowgf/s-l225.jpg
8,https://i.ebayimg.com/images/g/zcUAAeSw~V5peSBV/s-l225.jpg
9,https://i.ebayimg.com/images/g/-xQAAeSw3j1pdSoM/s-l225.jpg
9,https://i.ebayimg.com/images/g/2JgAAeSwy7FpeP5t/s-l225.jpg
10,https://i.ebayimg.com/images/g/pBUAAeSw1cFpeRZG/s-l225.jpg
10,https://i.ebayimg.com/images/g/X6oAAeSwyztpeSMa/s-l225.jpg
10,https://i.ebayimg.com/images/g/DEAAAeSwARlpccMO/s-l225.jpg
10,https://i.ebayimg.com/images/g/0GgAAeSw9lhpeSQV/s-l225.jpg
10,https://i.ebayimg.com/images/g/yekAAeSw3tlpePor/s-l225.jpg
8,https://i.ebayimg.com/images/g/D~AAAeSwT7ppeNLd/s-l225.jpg
10,https://i.ebayimg.com/images/g/ldwAAeSwHlhpeNnv/s-l225.jpg
10,https://i.ebayimg.com/images/g/HCUAAeSwO01peUl6/s-l225.jpg
10,https://i.ebayimg.com/images/g/uHcAAeSwUzhpeQPp/s-l225.jpg
10,https://i.ebayimg.com/images/g/nWYAAeSwDslpePpd/s-l225.jpg
9,https://i.ebayimg.com/images/g/jxwAAeSwMXdpeU~i/s-l225.jpg
10,https://i.ebayimg.com/images/g/A08AAeSwHIdpeQ53/s-l225.jpg
9,https://i.ebayimg.com/images/g/t4QAAeSw~D5pbobg/s-l225.jpg
8,https://i.ebayimg.com/images/g/YewAAeSwyV5peM3z/s-l225.jpg
10,https://i.ebayimg.com/images/g/i4UAAeSwUBJpeUr~/s-l225.jpg
9,https://i.ebayimg.com/images/g/5UoAAeSwOnFpePZz/s-l225.jpg
9,https://i.ebayimg.com/images/g/0ukAAeSwNn9peJZf/s-l225.jpg
8,https://i.ebayimg.com/images/g/7vgAAeSwV~5pePnF/s-l225.jpg
10,https://i.ebayimg.com/images/g/1MIAAeSwxMFpMTUM/s-l225.jpg
9,https://i.ebayimg.com/images/g/lqIAAeSwAAVpVTtl/s-l225.jpg
10,https://i.ebayimg.com/images/g/b6EAAeSw-ghpeUmo/s-l225.jpg
9,https://i.ebayimg.com/images/g/EMYAAeSw1KVpePy0/s-l225.jpg
9,https://i.ebayimg.com/images/g/NXIAAeSwDJhpLBRe/s-l225.jpg
7,https://i.ebayimg.com/images/g/BFIAAOSwjcpmhX11/s-l225.jpg
8,https://i.ebayimg.com/images/g/jNsAAeSwGvxnz0mr/s-l225.jpg
15,https://i.ebayimg.com/images/g/s90AAeSwtElpd3fD/s-l225.jpg
7,https://i.ebayimg.com/images/g/BFIAAOSwjcpmhX11/s-l225.jpg
8,https://i.ebayimg.com/images/g/jNsAAeSwGvxnz0mr/s-l225.jpg
9,https://i.ebayimg.com/images/g/NXIAAeSwDJhpLBRe/s-l225.jpg
9,https://i.ebayimg.com/images/g/4KwAAeSwGPVouInk/s-l225.jpg
9,https://i.ebayimg.com/images/g/BpQAAeSw~5lpeQg1/s-l225.jpg
9,https://i.ebayimg.com/images/g/kcIAAeSwKVBpeUxp/s-l225.jpg
8,https://i.ebayimg.com/images/g/dr8AAeSwXZFpeUZj/s-l225.jpg
10,https://i.ebayimg.com/images/g/A1cAAeSw~5lpeTmx/s-l225.jpg
10,https://i.ebayimg.com/images/g/8F4AAeSwR6BpHyGo/s-l225.jpg
8,https://i.ebayimg.com/images/g/yWcAAeSwS2ho5CjC/s-l225.jpg
9,https://i.ebayimg.com/images/g/1YcAAeSwj79o7Wy9/s-l225.jpg
10,https://i.ebayimg.com/images/g/NSEAAeSwKVBpeNlK/s-l225.jpg
10,https://i.ebayimg.com/images/g/sWEAAeSwOcpn4DxG/s-l225.jpg
10,https://i.ebayimg.com/images/g/aa0AAeSwXVZpeRM6/s-l225.jpg
9,https://i.ebayimg.com/images/g/D9IAAeSwfuBo~PfO/s-l225.jpg
10,https://i.ebayimg.com/images/g/5vcAAeSwc91peSkY/s-l225.jpg
9,https://i.ebayimg.com/images/g/aU0AAOSw39VoQdGq/s-l225.jpg
8,https://i.ebayimg.com/images/g/4rEAAeSwtlpoT7bP/s-l225.jpg
10,https://i.ebayimg.com/images/g/WFEAAeSw8EhpWF~q/s-l225.jpg
9,https://i.ebayimg.com/images/g/cakAAeSwXXho7UPh/s-l225.jpg
8,https://i.ebayimg.com/images/g/h6IAAeSwdfFo~9PG/s-l225.jpg
9,https://i.ebayimg.com/images/g/U5YAAeSwz0NpeQcU/s-l225.jpg
9,https://i.ebayimg.com/images/g/kbwAAeSw8VdpeUtu/s-l225.jpg
8,https://i.ebayimg.com/images/g/YwYAAeSwTaxoSLND/s-l225.jpg
10,https://i.ebayimg.com/images/g/BUwAAeSwLwhpeNKw/s-l225.jpg
10,https://i.ebayimg.com/images/g/oCMAAeSw0MNpeVI3/s-l225.jpg
9,https://i.ebayimg.com/images/g/~egAAeSwTKtoPN9e/s-l225.jpg
10,https://i.ebayimg.com/images/g/MewAAeSwUOJpeUOQ/s-l225.jpg
8,https://i.ebayimg.com/images/g/LaMAAeSwi8hpBdyq/s-l225.jpg
10,https://i.ebayimg.com/images/g/9uwAAeSwRFVpePrn/s-l225.jpg
6,https://i.ebayimg.com/images/g/ftgAAeSwOnFpeQ-Z/s-l225.jpg
10,https://i.ebayimg.com/images/g/-0kAAeSw-FJpePuR/s-l225.jpg
9,https://i.ebayimg.com/images/g/7n8AAeSwZbFpY6CP/s-l225.jpg
10,https://i.ebayimg.com/images/g/WbgAAeSwHIdpeR7P/s-l225.jpg
9,https://i.ebayimg.com/images/g/ZwMAAeSwKGxpdAAp/s-l225.jpg
10,https://i.ebayimg.com/images/g/KZsAAeSwzvNn8~q1/s-l225.jpg
10,https://i.ebayimg.com/images/g/F9IAAeSw63JpeOJB/s-l225.jpg
9,https://i.ebayimg.com/images/g/lwwAAOSwRtFjMKk-/s-l225.jpg
9,https://i.ebayimg.com/images/g/954AAeSwRNxpEM2U/s-l225.jpg
10,https://i.ebayimg.com/images/g/~n8AAeSwvthpBBRy/s-l225.jpg
10,https://i.ebayimg.com/images/g/CnoAAeSwHIdpeQ99/s-l225.jpg
8,https://i.ebayimg.com/images/g/ixoAAeSw~5lpd65y/s-l225.jpg
9,https://i.ebayimg.com/images/g/WekAAeSwpAppeQmh/s-l225.jpg
10,https://i.ebayimg.com/images/g/pbAAAeSwfWxpeOwY/s-l225.jpg
9,https://i.ebayimg.com/images/g/4V0AAOSw1SJnH7Hz/s-l225.jpg
9,https://i.ebayimg.com/images/g/FSUAAeSwbSZpBdCI/s-l225.jpg
8,https://i.ebayimg.com/images/g/aJgAAOSwuv9ncCDH/s-l225.jpg
10,https://i.ebayimg.com/images/g/nkEAAeSwNqNpePpR/s-l225.jpg
9,https://i.ebayimg.com/images/g/2t4AAOSwZtRkuJ~P/s-l225.jpg
10,https://i.ebayimg.com/images/g/A9EAAeSw1KVpeSzO/s-l225.jpg
10,https://i.ebayimg.com/images/g/KkwAAeSw9lhpeQYf/s-l225.jpg
9,https://i.ebayimg.com/images/g/KvMAAeSwoRFpeTka/s-l225.jpg
10,https://i.ebayimg.com/images/g/vvoAAeSwW9VpeRry/s-l225.jpg
7,https://i.ebayimg.com/images/g/9m0AAOSwXppm0Yvy/s-l225.jpg
10,https://i.ebayimg.com/images/g/VW4AAeSwD3ZpeRNF/s-l225.jpg
9,https://i.ebayimg.com/images/g/nFYAAeSwrcVpdl1P/s-l225.jpg
8,https://i.ebayimg.com/images/g/CN8AAOSwZ6dmuG4W/s-l225.jpg
7,https://i.ebayimg.com/images/g/OV8AAeSwxsRpd3eO/s-l225.jpg
9,https://i.ebayimg.com/images/g/ZbYAAeSwNlRo6AF-/s-l225.jpg
9,https://i.ebayimg.com/images/g/aU0AAOSw39VoQdGq/s-l225.jpg
10,https://i.ebayimg.com/images/g/SXAAAeSwV2dpeMxI/s-l225.jpg
9,https://i.ebayimg.com/images/g/V88AAeSwJHxpeQiJ/s-l225.jpg
10,https://i.ebayimg.com/images/g/qR4AAeSwO8ZpdWjJ/s-l225.jpg
9,https://i.ebayimg.com/images/g/-HoAAeSweado7UMZ/s-l225.jpg
10,https://i.ebayimg.com/images/g/bb0AAeSwwwtpcft0/s-l225.jpg
10,https://i.ebayimg.com/images/g/-k0AAeSw4dFoTRXQ/s-l225.jpg
10,https://i.ebayimg.com/images/g/9PEAAeSwvw1pIEO2/s-l225.jpg
9,https://i.ebayimg.com/images/g/6iMAAeSwlQFpeSZU/s-l225.jpg
9,https://i.ebayimg.com/images/g/PnQAAOSw7A9myGNb/s-l225.jpg
9,https://i.ebayimg.com/images/g/3xAAAeSwpbtpeSD2/s-l225.jpg
10,https://i.ebayimg.com/images/g/wk8AAeSwW1Vpda5Z/s-l225.jpg
10,https://i.ebayimg.com/images/g/rCIAAeSw~3ZnvaD1/s-l225.jpg
9,https://i.ebayimg.com/images/g/ct4AAeSwSXBoXyZO/s-l225.jpg
5,https://i.ebayimg.com/images/g/KHgAAOSwIVxm2Ii0/s-l225.jpg
9,https://i.ebayimg.com/images/g/V0oAAOSwSAFmu2an/s-l225.jpg
8,https://i.ebayimg.com/images/g/Jz8AAOSwYxti6a2v/s-l225.jpg
5,https://i.ebayimg.com/images/g/D8gAAeSwTsRpBdlK/s-l225.jpg
9,https://i.ebayimg.com/images/g/rLAAAOSwUZVhY2Dm/s-l225.jpg
6,https://i.ebayimg.com/images/g/P4MAAeSwLrZpeQUu/s-l225.jpg
10,https://i.ebayimg.com/images/g/ldwAAeSwHlhpeNnv/s-l225.jpg
10,https://i.ebayimg.com/images/g/UvsAAeSwmHdpeUii/s-l225.jpg
7,https://i.ebayimg.com/images/g/TekAAeSwk3xoQ8lk/s-l225.jpg
10,https://i.ebayimg.com/images/g/~PMAAeSwXttpeS2u/s-l225.jpg
10,https://i.ebayimg.com/images/g/dJAAAeSwtEVo2JDz/s-l225.jpg
9,https://i.ebayimg.com/images/g/9CMAAeSwnkRoXl6I/s-l225.jpg
10,https://i.ebayimg.com/images/g/1kUAAeSwtJJpeNhB/s-l225.jpg
5,https://i.ebayimg.com/images/g/N6cAAOSwN6Bm2Ilf/s-l225.jpg
10,https://i.ebayimg.com/images/g/ZfkAAeSwmZNpeOxs/s-l225.jpg
8,https://i.ebayimg.com/images/g/VacAAeSwBslpd8xs/s-l225.jpg
7,https://i.ebayimg.com/images/g/0aoAAeSweq5peSJx/s-l225.jpg
9,https://i.ebayimg.com/images/g/dq8AAOSwSPBnds51/s-l225.jpg
10,https://i.ebayimg.com/images/g/l7kAAeSwPHZpdpUM/s-l225.jpg
10,https://i.ebayimg.com/images/g/MBoAAeSwUBJpeTjJ/s-l225.jpg
10,https://i.ebayimg.com/images/g/-RMAAeSwrTlpN0Rq/s-l225.jpg
10,https://i.ebayimg.com/images/g/SPsAAeSwjuFpeQUn/s-l225.jpg
9,https://i.ebayimg.com/images/g/iI8AAeSwr89o4QZO/s-l225.jpg
10,https://i.ebayimg.com/images/g/RJEAAOSwZfBoGt2s/s-l225.jpg
9,https://i.ebayimg.com/images/g/hlcAAeSwC7lpeRai/s-l225.jpg
9,https://i.ebayimg.com/images/g/lxkAAeSwYfppLl2T/s-l225.jpg
9,https://i.ebayimg.com/images/g/UgYAAeSwmehpeMoa/s-l225.jpg
7,https://i.ebayimg.com/images/g/pcEAAeSwgMRo1AWV/s-l225.jpg
9,https://i.ebayimg.com/images/g/84wAAOSwDMZkcmB-/s-l225.jpg
8,https://i.ebayimg.com/images/g/jVsAAOSw~ZxnIXRz/s-l225.jpg
9,https://i.ebayimg.com/images/g/r0oAAOSwzcNoRnrJ/s-l225.jpg
10,https://i.ebayimg.com/images/g/72AAAeSwmLZpcHUb/s-l225.jpg
10,https://i.ebayimg.com/images/g/DoUAAeSwBWJpePwe/s-l225.jpg
10,https://i.ebayimg.com/images/g/L9kAAeSw8UdpeTpX/s-l225.jpg
8,https://i.ebayimg.com/images/g/eKkAAeSwscJpXE1o/s-l225.jpg
9,https://i.ebayimg.com/images/g/taAAAOSwMbdlOyIL/s-l225.jpg
9,https://i.ebayimg.com/images/g/K6kAAeSwYtxok3c2/s-l225.jpg
9,https://i.ebayimg.com/images/g/aZAAAOSwcuJoHAIC/s-l225.jpg
10,https://i.ebayimg.com/images/g/yfUAAOSw17BoTfe3/s-l225.jpg
9,https://i.ebayimg.com/images/g/QNcAAeSwr7hpB9Um/s-l225.jpg
9,https://i.ebayimg.com/images/g/BpQAAeSw~5lpeQg1/s-l225.jpg
10,https://i.ebayimg.com/images/g/oeMAAeSw1cFpeRXP/s-l225.jpg
10,https://i.ebayimg.com/images/g/WZMAAeSwqixpeQ8q/s-l225.jpg
9,https://i.ebayimg.com/images/g/7QsAAeSwO2BpeNxB/s-l225.jpg
5,https://i.ebayimg.com/images/g/1mYAAOSwdOFin3fM/s-l225.jpg
9,https://i.ebayimg.com/images/g/zK4AAeSwVVBn-AC~/s-l225.jpg
9,https://i.ebayimg.com/images/g/2OMAAOSwH4JnbbI4/s-l225.jpg
9,https://i.ebayimg.com/images/g/tdAAAeSwL95peRkJ/s-l225.jpg
8,https://i.ebayimg.com/images/g/x7oAAOSwgdVlw~0M/s-l225.jpg
9,https://i.ebayimg.com/images/g/DRMAAOSwSnxnZKdN/s-l225.jpg
9,https://i.ebayimg.com/images/g/Q54AAeSwEE5pOgtA/s-l225.jpg
10,https://i.ebayimg.com/images/g/OwIAAeSwIkZpeQNK/s-l225.jpg
9,https://i.ebayimg.com/images/g/4psAAeSwXUppePZA/s-l225.jpg
9,https://i.ebayimg.com/images/g/e8kAAeSwVzhpA63Q/s-l225.jpg
9,https://i.ebayimg.com/images/g/TNwAAOSwWD9l~d5z/s-l225.jpg
9,https://i.ebayimg.com/images/g/MmYAAeSwXAJpd3eL/s-l225.jpg
10,https://i.ebayimg.com/images/g/DbkAAeSwat1peQoc/s-l225.jpg
9,https://i.ebayimg.com/images/g/S7kAAOSw6rFjn534/s-l225.jpg
9,https://i.ebayimg.com/images/g/ZYYAAOSwElBn1jKN/s-l225.jpg
5,https://i.ebayimg.com/images/g/rGoAAeSwIjpo-okI/s-l225.jpg
7,https://i.ebayimg.com/images/g/vYAAAeSwT5NoSc~b/s-l225.jpg
8,https://i.ebayimg.com/images/g/XkMAAeSw-6Bpb-LZ/s-l225.jpg
9,https://i.ebayimg.com/images/g/9dEAAeSwiwppePv6/s-l225.jpg
10,https://i.ebayimg.com/images/g/taUAAeSwlutpZ4OW/s-l225.jpg
10,https://i.ebayimg.com/images/g/JGEAAeSwqbtpeSA7/s-l225.jpg
10,https://i.ebayimg.com/images/g/LjUAAeSw59NpeTYR/s-l225.jpg
10,https://i.ebayimg.com/images/g/-DQAAeSw~gBpeMy~/s-l225.jpg
9,https://i.ebayimg.com/images/g/dPwAAeSwFDppeVI7/s-l225.jpg
5,https://i.ebayimg.com/images/g/dJ8AAeSwCRdpeOUD/s-l225.jpg
9,https://i.ebayimg.com/images/g/TA0AAeSwKQRpZAzL/s-l225.jpg
8,https://i.ebayimg.com/images/g/chIAAeSw3iFoRPXc/s-l225.jpg
9,https://i.ebayimg.com/images/g/V~kAAOSwJFVkzkb2/s-l225.jpg
9,https://i.ebayimg.com/images/g/V8AAAeSw2E9peQfj/s-l225.jpg
10,https://i.ebayimg.com/images/g/ytcAAeSw63JpeSVS/s-l225.jpg
8,https://i.ebayimg.com/images/g/TRoAAeSwjbZpeN39/s-l225.jpg
9,https://i.ebayimg.com/images/g/AWsAAeSwy5FoXxxL/s-l225.jpg
9,https://i.ebayimg.com/images/g/hO4AAeSwGJZpeUz3/s-l225.jpg
9,https://i.ebayimg.com/images/g/3iwAAOSwP75myJD1/s-l225.jpg
10,https://i.ebayimg.com/images/g/9KMAAeSwH-1peMzv/s-l225.jpg
8,https://i.ebayimg.com/images/g/x8QAAeSw2j5pBeA6/s-l225.jpg
5,https://i.ebayimg.com/images/g/nYQAAeSwkvBpBeDj/s-l225.jpg
9,https://i.ebayimg.com/images/g/CFMAAOSwDtRn1jso/s-l225.jpg
10,https://i.ebayimg.com/images/g/A9EAAeSw1KVpeSzO/s-l225.jpg
9,https://i.ebayimg.com/images/g/rF8AAeSwiCtpaldk/s-l225.jpg
10,https://i.ebayimg.com/images/g/EHcAAeSwvSpopR0w/s-l225.jpg
10,https://i.ebayimg.com/images/g/arMAAeSwumNpeMim/s-l225.jpg
9,https://i.ebayimg.com/images/g/IMYAAeSwbcxpd0Tz/s-l225.jpg
9,https://i.ebayimg.com/images/g/N68AAeSw1flpHNv9/s-l225.jpg
10,https://i.ebayimg.com/images/g/YYoAAeSwWc1pcnSL/s-l225.jpg
10,https://i.ebayimg.com/images/g/e0IAAeSwKAJpeT4v/s-l225.jpg
10,https://i.ebayimg.com/images/g/m3kAAeSwzrZpeRbN/s-l225.jpg
9,https://i.ebayimg.com/images/g/yGQAAeSwjddpd0XZ/s-l225.jpg
8,https://i.ebayimg.com/images/g/vW8AAeSwCZZpeMOb/s-l225.jpg
10,https://i.ebayimg.com/images/g/LJUAAeSwMr9o5exf/s-l225.jpg
5,https://i.ebayimg.com/images/g/rGoAAeSwIjpo-okI/s-l225.jpg
9,https://i.ebayimg.com/images/g/cakAAeSwXXho7UPh/s-l225.jpg
7,https://i.ebayimg.com/images/g/vYAAAeSwT5NoSc~b/s-l225.jpg
8,https://i.ebayimg.com/images/g/vW8AAeSwCZZpeMOb/s-l225.jpg
10,https://i.ebayimg.com/images/g/LJUAAeSwMr9o5exf/s-l225.jpg
8,https://i.ebayimg.com/images/g/~x0AAOSw7p5iloLm/s-l225.jpg
9,https://i.ebayimg.com/images/g/w~8AAOSw1EJnjyvD/s-l225.jpg
7,https://i.ebayimg.com/images/g/dbEAAeSwyqhpclWu/s-l225.jpg
9,https://i.ebayimg.com/images/g/7XoAAeSwARhpd0NR/s-l225.jpg
9,https://i.ebayimg.com/images/g/Fl8AAOSwAhNlDTCB/s-l225.jpg
9,https://i.ebayimg.com/images/g/IxYAAeSweLhpeTma/s-l225.jpg
9,https://i.ebayimg.com/images/g/sQQAAeSw-FJpd8nf/s-l225.jpg
9,https://i.ebayimg.com/images/g/5ccAAOSwiTtl-bJL/s-l225.jpg
9,https://i.ebayimg.com/images/g/6S8AAOSwxl9oJPjR/s-l225.jpg
10,https://i.ebayimg.com/images/g/RJEAAOSwZfBoGt2s/s-l225.jpg
10,https://i.ebayimg.com/images/g/Gd4AAeSwanppd9-5/s-l225.jpg
9,https://i.ebayimg.com/images/g/bDsAAeSwZeNpPlAy/s-l225.jpg
9,https://i.ebayimg.com/images/g/uIMAAeSwC7lpeSE~/s-l225.jpg
10,https://i.ebayimg.com/images/g/WkEAAeSwEdZpeQhb/s-l225.jpg
9,https://i.ebayimg.com/images/g/Qp8AAOSweAhkty7W/s-l225.jpg
9,https://i.ebayimg.com/images/g/u1MAAeSwGjBpeP0i/s-l225.jpg
8,https://i.ebayimg.com/images/g/7qgAAeSwLQ9peSV7/s-l225.jpg
6,https://i.ebayimg.com/images/g/HjMAAeSwjBhpeNVx/s-l225.jpg
9,https://i.ebayimg.com/images/g/UQoAAeSw8oNpb99B/s-l225.jpg
10,https://i.ebayimg.com/images/g/sLcAAeSwj9dpeO6w/s-l225.jpg
10,https://i.ebayimg.com/images/g/jDgAAeSwiZtpeSCJ/s-l225.jpg
6,https://i.ebayimg.com/images/g/TlQAAeSwlrppcN0Y/s-l225.jpg
10,https://i.ebayimg.com/images/g/GJkAAeSw-ABpdmrD/s-l225.jpg
8,https://i.ebayimg.com/images/g/NsgAAOSwQwhlflIc/s-l225.jpg
9,https://i.ebayimg.com/images/g/4T4AAeSwWZZpBeeJ/s-l225.jpg
9,https://i.ebayimg.com/images/g/1rUAAeSwUy9peUH2/s-l225.jpg
10,https://i.ebayimg.com/images/g/2K0AAeSwPHZpeNGP/s-l225.jpg
8,https://i.ebayimg.com/images/g/yToAAOSwa6xn1j6T/s-l225.jpg
8,https://i.ebayimg.com/images/g/a5wAAeSw6whpPQas/s-l225.jpg
9,https://i.ebayimg.com/images/g/Pt8AAOSwTXllxVwe/s-l225.jpg
10,https://i.ebayimg.com/images/g/k78AAeSwcD1peSOT/s-l225.jpg
10,https://i.ebayimg.com/images/g/uHoAAeSw2AdpeSk6/s-l225.jpg
9,https://i.ebayimg.com/images/g/vuEAAOSwWHti6tVi/s-l225.jpg
9,https://i.ebayimg.com/images/g/nqQAAeSw-zBo4Qad/s-l225.jpg
6,https://i.ebayimg.com/images/g/H1IAAeSwmw9oQ5mU/s-l225.jpg
8,https://i.ebayimg.com/images/g/GmkAAeSwAo1pJJsi/s-l225.jpg
8,https://i.ebayimg.com/images/g/EsgAAOSwdR5kYSI2/s-l225.jpg
10,https://i.ebayimg.com/images/g/LIUAAeSw45BpeTdq/s-l225.jpg
9,https://i.ebayimg.com/images/g/wVwAAeSwzYNpbgBM/s-l225.jpg
9,https://i.ebayimg.com/images/g/JDMAAeSwANVpeKQr/s-l225.jpg
10,https://i.ebayimg.com/images/g/WpsAAeSw0Ihpak0A/s-l225.jpg
10,https://i.ebayimg.com/images/g/BrIAAeSwKGxpeQfw/s-l225.jpg
10,https://i.ebayimg.com/images/g/blwAAeSw88tpElLK/s-l225.jpg
9,https://i.ebayimg.com/images/g/jQUAAeSwjuFpeUmy/s-l225.jpg
9,https://i.ebayimg.com/images/g/GTEAAOSwHU1mt7sM/s-l225.jpg
8,https://i.ebayimg.com/images/g/SrYAAOSwJEtoJ13d/s-l225.jpg
8,https://i.ebayimg.com/images/g/A8wAAOSwHHxnHQtw/s-l225.jpg
9,https://i.ebayimg.com/images/g/MOoAAeSwnWtonPZR/s-l225.jpg
9,https://i.ebayimg.com/images/g/GTEAAOSwHU1mt7sM/s-l225.jpg
10,https://i.ebayimg.com/images/g/ETkAAOSwnxxmonxS/s-l225.jpg
9,https://i.ebayimg.com/images/g/OgkAAeSwKsNpeTmi/s-l225.jpg
9,https://i.ebayimg.com/images/g/I~8AAeSw6Utpd0bL/s-l225.jpg
10,https://i.ebayimg.com/images/g/fdwAAeSwZzdpI84v/s-l225.jpg
10,https://i.ebayimg.com/images/g/0CgAAeSwbzZpeR-j/s-l225.jpg
9,https://i.ebayimg.com/images/g/cvsAAeSwtWNou6FL/s-l225.jpg
7,https://i.ebayimg.com/images/g/084AAeSw5FNo~7hy/s-l225.jpg
10,https://i.ebayimg.com/images/g/aVQAAeSwmhlpeMxz/s-l225.jpg
10,https://i.ebayimg.com/images/g/BhsAAeSwaNVpd3gB/s-l225.jpg
10,https://i.ebayimg.com/images/g/8WkAAeSw7WZpeTdJ/s-l225.jpg
10,https://i.ebayimg.com/images/g/4PcAAeSwV81peMoi/s-l225.jpg
10,https://i.ebayimg.com/images/g/~~kAAeSwptlpWyMD/s-l225.jpg
7,https://i.ebayimg.com/images/g/MWoAAOSwQu9k7N2N/s-l225.jpg
9,https://i.ebayimg.com/images/g/m~kAAeSwZm9o3Gf7/s-l225.jpg
10,https://i.ebayimg.com/images/g/IvQAAeSw0RhpeMgn/s-l225.jpg
9,https://i.ebayimg.com/images/g/E0gAAeSwpcpojM4Y/s-l225.jpg
9,https://i.ebayimg.com/images/g/KjwAAOSwwW5n1jiA/s-l225.jpg
10,https://i.ebayimg.com/images/g/gecAAeSw0MNpePDT/s-l225.jpg
10,https://i.ebayimg.com/images/g/vBcAAeSwuydpKaNg/s-l225.jpg
10,https://i.ebayimg.com/images/g/2PsAAeSwAKlosLse/s-l225.jpg
8,https://i.ebayimg.com/images/g/c9oAAeSwzRFnteDZ/s-l225.jpg
9,https://i.ebayimg.com/images/g/O4UAAeSwashpeQNz/s-l225.jpg
9,https://i.ebayimg.com/images/g/AVEAAeSw59NpeSt0/s-l225.jpg
9,https://i.ebayimg.com/images/g/RZwAAOSw0P1m6FTT/s-l225.jpg
8,https://i.ebayimg.com/images/g/r2IAAeSwFaZpL4Qm/s-l225.jpg
9,https://i.ebayimg.com/images/g/WZoAAOSw-KJmEJir/s-l225.jpg
10,https://i.ebayimg.com/images/g/s-kAAeSwoPdpeTnt/s-l225.jpg
10,https://i.ebayimg.com/images/g/4vAAAeSwTqNpeSpo/s-l225.jpg
10,https://i.ebayimg.com/images/g/FPcAAeSwl~tpeSA~/s-l225.jpg
6,https://i.ebayimg.com/images/g/iFgAAOSw4dJmvSNE/s-l225.jpg
8,https://i.ebayimg.com/images/g/5pAAAOSwkVZnWD-I/s-l225.jpg
9,https://i.ebayimg.com/images/g/87YAAeSwQAVpeSeL/s-l225.jpg
8,https://i.ebayimg.com/images/g/mhAAAOSwd7li2KCf/s-l225.jpg
10,https://i.ebayimg.com/images/g/3bYAAeSwrApo1ON-/s-l225.jpg
10,https://i.ebayimg.com/images/g/vGYAAeSw0AVpXwnx/s-l225.jpg
9,https://i.ebayimg.com/images/g/wDQAAeSwKyFpKtQ8/s-l225.jpg
8,https://i.ebayimg.com/images/g/yewAAeSwhk9o8wDn/s-l225.jpg
10,https://i.ebayimg.com/images/g/aTMAAeSwxbxpeOLV/s-l225.jpg
10,https://i.ebayimg.com/images/g/pR8AAeSw1u1peRaQ/s-l225.jpg
9,https://i.ebayimg.com/images/g/qr0AAOSwAVpn-NDC/s-l225.jpg
10,https://i.ebayimg.com/images/g/ucsAAeSw-U5ofd-z/s-l225.jpg
10,https://i.ebayimg.com/images/g/rmYAAeSwIkZpePpP/s-l225.jpg
9,https://i.ebayimg.com/images/g/QJQAAeSwdeZo0S1W/s-l225.jpg
10,https://i.ebayimg.com/images/g/PjQAAeSwn0VpbgGs/s-l225.jpg
10,https://i.ebayimg.com/images/g/G0YAAeSw2N9ob05s/s-l225.jpg
10,https://i.ebayimg.com/images/g/7GQAAeSwEpVpeS0y/s-l225.jpg
8,https://i.ebayimg.com/images/g/-VgAAeSwMr9o8wGc/s-l225.jpg
9,https://i.ebayimg.com/images/g/X0AAAeSw-LxpZA53/s-l225.jpg
10,https://i.ebayimg.com/images/g/dIIAAeSwgzVoaODO/s-l225.jpg
9,https://i.ebayimg.com/images/g/JQwAAeSwAf5pGAQQ/s-l225.jpg
9,https://i.ebayimg.com/images/g/5hAAAeSw90VpZ6pb/s-l225.jpg
10,https://i.ebayimg.com/images/g/2PsAAeSwAKlosLse/s-l225.jpg
9,https://i.ebayimg.com/images/g/JQwAAeSwAf5pGAQQ/s-l225.jpg
9,https://i.ebayimg.com/images/g/5hAAAeSw90VpZ6pb/s-l225.jpg
6,https://i.ebayimg.com/images/g/k1EAAeSwPkZpBdl1/s-l225.jpg
9,https://i.ebayimg.com/images/g/dkQAAeSwWXhpYaHH/s-l225.jpg
10,https://i.ebayimg.com/images/g/ecUAAeSwaP1peVNj/s-l225.jpg
8,https://i.ebayimg.com/images/g/tZkAAeSw~cFpds~P/s-l225.jpg
9,https://i.ebayimg.com/images/g/-WwAAeSwWm5peSxd/s-l225.jpg
10,https://i.ebayimg.com/images/g/YdsAAOSwfQZnKESE/s-l225.jpg
9,https://i.ebayimg.com/images/g/-F8AAeSwzYNpZ48K/s-l225.jpg
10,https://i.ebayimg.com/images/g/gtwAAeSwXKdpB259/s-l225.jpg
10,https://i.ebayimg.com/images/g/q5sAAeSwUBJpdPty/s-l225.jpg
10,https://i.ebayimg.com/images/g/zZUAAeSw~plpeR~M/s-l225.jpg
9,https://i.ebayimg.com/images/g/8ogAAeSwgBVo0S4v/s-l225.jpg
10,https://i.ebayimg.com/images/g/pLYAAeSwFDppePom/s-l225.jpg
10,https://i.ebayimg.com/images/g/UzcAAeSwsfJpeTzi/s-l225.jpg
9,https://i.ebayimg.com/images/g/iDUAAeSwdyZpeMyD/s-l225.jpg
8,https://i.ebayimg.com/images/g/FxwAAeSwQFNo9mq8/s-l225.jpg
8,https://i.ebayimg.com/images/g/oAcAAeSwggtouSGh/s-l225.jpg
9,https://i.ebayimg.com/images/g/lsEAAeSwiPtpeRcc/s-l225.jpg
10,https://i.ebayimg.com/images/g/tR8AAeSwxUxo6V6F/s-l225.jpg
8,https://i.ebayimg.com/images/g/RLcAAeSw3FlpeNx7/s-l225.jpg
9,https://i.ebayimg.com/images/g/zwYAAOSwYc5fnvot/s-l225.jpg
10,https://i.ebayimg.com/images/g/fxEAAeSwaytpeNC~/s-l225.jpg
10,https://i.ebayimg.com/images/g/bUwAAeSw1cFpeOMh/s-l225.jpg
9,https://i.ebayimg.com/images/g/vuAAAeSwb81pXmB2/s-l225.jpg
10,https://i.ebayimg.com/images/g/BTAAAeSw0dlpeNRT/s-l225.jpg
4,https://i.ebayimg.com/images/g/bL8AAeSwGcNpeREC/s-l225.jpg
10,https://i.ebayimg.com/images/g/qqUAAeSwjdlpeRrc/s-l225.jpg
10,https://i.ebayimg.com/images/g/JpIAAeSw0m9peQtk/s-l225.jpg
10,https://i.ebayimg.com/images/g/93cAAeSw2E9peM71/s-l225.jpg
10,https://i.ebayimg.com/images/g/NzgAAeSwEp1peTeV/s-l225.jpg
9,https://i.ebayimg.com/images/g/n8gAAeSwYkRpeVRx/s-l225.jpg
9,https://i.ebayimg.com/images/g/f48AAeSw6Ftpb-tJ/s-l225.jpg
7,https://i.ebayimg.com/images/g/g50AAeSwIFVopjVl/s-l225.jpg
10,https://i.ebayimg.com/images/g/OigAAeSw5itpeTec/s-l225.jpg
9,https://i.ebayimg.com/images/g/Zm4AAeSwdwxpeUCp/s-l225.jpg
9,https://i.ebayimg.com/images/g/YbAAAeSwXVZpeUZK/s-l225.jpg
9,https://i.ebayimg.com/images/g/PAQAAeSw~JVpeMxR/s-l225.jpg
9,https://i.ebayimg.com/images/g/XvUAAeSwSIBpeURI/s-l225.jpg
10,https://i.ebayimg.com/images/g/BawAAeSw109pGtaq/s-l225.jpg
9,https://i.ebayimg.com/images/g/SpcAAeSwFPZpeQaF/s-l225.jpg
10,https://i.ebayimg.com/images/g/P0AAAeSwQy5o2Lcw/s-l225.jpg
10,https://i.ebayimg.com/images/g/1t4AAeSwreJpeN6X/s-l225.jpg
10,https://i.ebayimg.com/images/g/s7IAAeSwRaFpeR7k/s-l225.jpg
9,https://i.ebayimg.com/images/g/9bsAAOSwm7NnJjZM/s-l225.jpg
10,https://i.ebayimg.com/images/g/rIYAAeSwL95peOwE/s-l225.jpg
10,https://i.ebayimg.com/images/g/hdYAAeSwjddpeNlA/s-l225.jpg
4,https://i.ebayimg.com/images/g/x9EAAOSwB0xoO4fj/s-l225.jpg
9,https://i.ebayimg.com/images/g/g~QAAeSwCvNoRLvK/s-l225.jpg
10,https://i.ebayimg.com/images/g/RgwAAeSweq5peNyy/s-l225.jpg
10,https://i.ebayimg.com/images/g/8z4AAeSwrE5peSjg/s-l225.jpg
8,https://i.ebayimg.com/images/g/beAAAeSwF6JpeQwU/s-l225.jpg
8,https://i.ebayimg.com/images/g/sKUAAOSwhTVh-qPv/s-l225.jpg
10,https://i.ebayimg.com/images/g/6osAAeSwlrFpeO3T/s-l225.jpg
8,https://i.ebayimg.com/images/g/aj8AAOSw559nQvHY/s-l225.jpg
9,https://i.ebayimg.com/images/g/giYAAeSwFWhoRRxD/s-l225.jpg
10,https://i.ebayimg.com/images/g/gPUAAeSwJHxpeQ9o/s-l225.jpg
9,https://i.ebayimg.com/images/g/cQkAAeSwBlRoUEZl/s-l225.jpg
10,https://i.ebayimg.com/images/g/ZmIAAeSw8eRopCD7/s-l225.jpg
8,https://i.ebayimg.com/images/g/ZB8AAeSwz0Npd7n0/s-l225.jpg
10,https://i.ebayimg.com/images/g/fPkAAeSwOI5peUkC/s-l225.jpg
9,https://i.ebayimg.com/images/g/T4gAAeSwyv9o7U8I/s-l225.jpg
9,https://i.ebayimg.com/images/g/plcAAOSwhYVmNO0U/s-l225.jpg
7,https://i.ebayimg.com/images/g/UkUAAeSwhmVo7TBt/s-l225.jpg
7,https://i.ebayimg.com/images/g/8rsAAOSwrNRoJ2G0/s-l225.jpg
8,https://i.ebayimg.com/images/g/ZB8AAeSwz0Npd7n0/s-l225.jpg
10,https://i.ebayimg.com/images/g/fPkAAeSwOI5peUkC/s-l225.jpg
9,https://i.ebayimg.com/images/g/MBkAAOSwGDFm~BQT/s-l225.jpg
10,https://i.ebayimg.com/images/g/avQAAeSwFYVoGmLr/s-l225.jpg
7,https://i.ebayimg.com/images/g/gYMAAeSwVWFpeNOe/s-l225.jpg
9,https://i.ebayimg.com/images/g/qu8AAOSww~1jwgzN/s-l225.jpg
8,https://i.ebayimg.com/images/g/f08AAeSw2jdpeT2n/s-l225.jpg
10,https://i.ebayimg.com/images/g/gsgAAeSwkW9n4Dvf/s-l225.jpg
9,https://i.ebayimg.com/images/g/-KYAAeSwBRppd0WH/s-l225.jpg
6,https://i.ebayimg.com/images/g/URYAAeSw5B9peO-q/s-l225.jpg
9,https://i.ebayimg.com/images/g/414AAeSwlXdo2bIU/s-l225.jpg
9,https://i.ebayimg.com/images/g/K-YAAeSwUZdpb9gJ/s-l225.jpg
8,https://i.ebayimg.com/images/g/GbAAAeSwGoloT0sk/s-l225.jpg
10,https://i.ebayimg.com/images/g/BRkAAeSwcsxpeQa7/s-l225.jpg
9,https://i.ebayimg.com/images/g/dUwAAeSwUMZorUda/s-l225.jpg
9,https://i.ebayimg.com/images/g/cIMAAOSwbnloN4hw/s-l225.jpg
10,https://i.ebayimg.com/images/g/7RoAAeSwy7FpeTdo/s-l225.jpg
10,https://i.ebayimg.com/images/g/gxYAAeSwmZNpeMvr/s-l225.jpg
10,https://i.ebayimg.com/images/g/4DgAAeSwtIppTjMT/s-l225.jpg
9,https://i.ebayimg.com/images/g/gO8AAeSwOZBpLwTq/s-l225.jpg
9,https://i.ebayimg.com/images/g/zvAAAeSw9tZntSGS/s-l225.jpg
10,https://i.ebayimg.com/images/g/SOEAAeSwtJJpeT1q/s-l225.jpg
10,https://i.ebayimg.com/images/g/9EEAAeSwal9peMzO/s-l225.jpg
9,https://i.ebayimg.com/images/g/dk8AAeSw1hxpLl2t/s-l225.jpg
10,https://i.ebayimg.com/images/g/JsIAAeSwC7lpeTlV/s-l225.jpg
9,https://i.ebayimg.com/images/g/8AwAAeSwHQdoZFBj/s-l225.jpg
9,https://i.ebayimg.com/images/g/b1wAAeSwAT5peRpD/s-l225.jpg
10,https://i.ebayimg.com/images/g/k6wAAeSwQtho~uc1/s-l225.jpg
7,https://i.ebayimg.com/images/g/AjMAAOSwPKVmazPd/s-l225.jpg
9,https://i.ebayimg.com/images/g/SJkAAeSwrAdpcL0n/s-l225.jpg
9,https://i.ebayimg.com/images/g/H6YAAOSwMZZnL869/s-l225.jpg
10,https://i.ebayimg.com/images/g/5noAAOSw0L5lRaDt/s-l225.jpg
10,https://i.ebayimg.com/images/g/qJ0AAeSwjBhpeOx6/s-l225.jpg
10,https://i.ebayimg.com/images/g/bYIAAeSwH8tpVUE7/s-l225.jpg
9,https://i.ebayimg.com/images/g/QL4AAeSw7QJpeKqC/s-l225.jpg
8,https://i.ebayimg.com/images/g/8J0AAeSwmHdpeQNG/s-l225.jpg
9,https://i.ebayimg.com/images/g/mQ8AAOSwnnhncggU/s-l225.jpg
10,https://i.ebayimg.com/images/g/iHUAAeSwFLVpeVO6/s-l225.jpg
9,https://i.ebayimg.com/images/g/Pl0AAeSwDiNoZFAa/s-l225.jpg
10,https://i.ebayimg.com/images/g/lrwAAeSw~jhpQhRB/s-l225.jpg
9,https://i.ebayimg.com/images/g/2hMAAeSwPelpLGuk/s-l225.jpg
10,https://i.ebayimg.com/images/g/yEYAAOSwIi9ids5a/s-l225.jpg
10,https://i.ebayimg.com/images/g/xrYAAeSwtIppW9ZH/s-l225.jpg
8,https://i.ebayimg.com/images/g/zKgAAeSwz0JpBd6m/s-l225.jpg
7,https://i.ebayimg.com/images/g/qFIAAeSwbchoaGWm/s-l225.jpg
8,https://i.ebayimg.com/images/g/zLsAAeSwRaFpePma/s-l225.jpg
9,https://i.ebayimg.com/images/g/Es4AAeSwZedpeP79/s-l225.jpg
10,https://i.ebayimg.com/images/g/RW8AAeSwKsNpeQlc/s-l225.jpg
10,https://i.ebayimg.com/images/g/YFwAAeSws9tpQ7Vx/s-l225.jpg
9,https://i.ebayimg.com/images/g/JroAAeSwjYppawzv/s-l225.jpg
10,https://i.ebayimg.com/images/g/VNsAAeSwfrtpeQg1/s-l225.jpg
9,https://i.ebayimg.com/images/g/pRYAAOSwPuNmyJOy/s-l225.jpg
10,https://i.ebayimg.com/images/g/jRMAAeSwGL5pdoeO/s-l225.jpg
8,https://i.ebayimg.com/images/g/HeMAAOSwWFhlpJzb/s-l225.jpg
10,https://i.ebayimg.com/images/g/S-IAAeSwPqBpeTzd/s-l225.jpg
9,https://i.ebayimg.com/images/g/mGYAAeSweN9pac8e/s-l225.jpg
9,https://i.ebayimg.com/images/g/bCEAAeSwQdFo5ZMk/s-l225.jpg
10,https://i.ebayimg.com/images/g/UgYAAeSw7QJpeQfh/s-l225.jpg
10,https://i.ebayimg.com/images/g/UZAAAeSw5B9peMmZ/s-l225.jpg
9,https://i.ebayimg.com/images/g/qa0AAOSwf0xoJ2MC/s-l225.jpg
9,https://i.ebayimg.com/images/g/MGQAAeSwlNNpWafh/s-l225.jpg
